SA2_NAME16	medianTotalFamilyIncome
Braidwood	98072
Karabar	121368
Queanbeyan	116116
Queanbeyan - East	125424
Queanbeyan West - Jerrabomberra	173264
Googong	179088
Queanbeyan Surrounds	162084
Bombala	91468
Cooma	99372
Cooma Surrounds	107536
Jindabyne - Berridale	118300
Batemans Bay	71032
Batemans Bay - South	75556
Bega - Tathra	86060
Bega-Eden Hinterland	75764
Broulee - Tomakin	91572
Deua - Wadbilliga	45032
Eden	69940
Eurobodalla Hinterland	78104
Merimbula - Tura Beach	83928
Moruya - Tuross Head	75452
Narooma - Bermagui	69784
Goulburn	99372
Goulburn Surrounds	99944
Yass	113620
Yass Surrounds	151632
Young	79352
Young Surrounds	81744
Avoca Beach - Copacabana	133224
Box Head - MacMasters Beach	113724
Calga - Kulnura	109304
Erina - Green Point	108524
Gosford - Springfield	103740
Kariong	122304
Kincumber - Picketts Valley	101504
Narara	113620
Niagara Park - Lisarow	118924
Point Clare - Koolewong	117728
Saratoga - Davistown	111488
Terrigal - North Avoca	130312
Umina - Booker Bay - Patonga	93184
Wamberal - Forresters Beach	131040
Woy Woy - Blackwall	89804
Wyoming	98800
Bateau Bay - Killarney Vale	101244
Blue Haven - San Remo	85644
Budgewoi - Buff Point - Halekulani	81588
Chittaway Bay - Tumbi Umbi	108368
Gorokan - Kanwal - Charmhaven	79872
Jilliby - Yarramalong	133952
Lake Munmorah - Mannering Park	75348
Ourimbah - Fountaindale	117676
Summerland Point - Gwandalan	88452
The Entrance	84552
Toukley - Norah Head	83668
Tuggerah - Kangy Angy	107588
Warnervale - Wadalba	112736
Wyong	79976
Bathurst - East	107796
Bathurst Surrounds	114972
Oberon	91052
Bathurst - South	85696
Bathurst - West	111332
Condobolin	81848
Cowra	74204
Cowra Surrounds	77480
Forbes	87776
Grenfell	72488
Parkes (NSW)	96408
Parkes Surrounds	80912
West Wyalong	94120
Lithgow	78520
Lithgow Surrounds	96824
Mudgee	112528
Mudgee Surrounds - East	68848
Mudgee Surrounds - West	95732
Wollangambe - Wollemi	
Blayney	102804
Orange	95576
Orange - North	120744
Orange Surrounds	113620
Grafton	73476
Grafton Surrounds	74360
Maclean - Yamba - Iluka	70668
Bellingen	83928
Coffs Harbour - North	80912
Coffs Harbour - South	81536
Coramba - Nana Glen - Bucca	98124
Dorrigo	66300
Korora - Emerald Beach	107432
Sawtell - Boambee	87880
Urunga	75244
Woolgoolga - Arrawarra	83304
Bourke - Brewarrina	87620
Cobar	116064
Coonamble	82160
Nyngan - Warren	94432
Walgett - Lightning Ridge	70356
Broken Hill	84396
Far West	66976
Coonabarabran	71864
Dubbo - East	103324
Dubbo - South	108004
Dubbo - West	101348
Dubbo Surrounds	112008
Gilgandra	72020
Narromine	90064
Wellington	75088
Branxton - Greta - Pokolbin	122720
Cessnock	79716
Cessnock Surrounds	106028
Dungog	96512
Kurri Kurri - Abermain	91624
Singleton	118508
Singleton Surrounds	116896
Maitland	108524
Maitland - North	132704
East Maitland - Metford	103480
Rutherford (North) - Aberglasslyn	108108
Rutherford (South) - Telarah	92872
Tenambit - East Maitland	99008
Thornton - Millers Forest	122200
Anna Bay	81588
Lemon Tree Passage - Tanilba Bay	70980
Nelson Bay Peninsula	83200
Raymond Terrace	79092
Seaham - Woodville	128336
Tea Gardens - Hawks Nest	65260
Williamtown - Medowie - Karuah	104988
Muswellbrook	101556
Muswellbrook Surrounds	114920
Scone	107172
Scone Surrounds	93288
Dapto - Avondale	92664
Horsley - Kembla Grange	125008
Port Kembla Industrial	
Unanderra - Mount Kembla	118248
Berkeley - Lake Heights - Cringila	79144
Port Kembla - Warrawong	76232
Windang - Primbee	88036
Illawarra Catchment Reserve	168948
Albion Park - Macquarie Pass	116480
Albion Park Rail	85540
Kiama	105560
Kiama Downs - Minnamurra	121992
Kiama Hinterland - Gerringong	119808
Shellharbour - Flinders	123760
Shellharbour - Oak Flats	95992
Warilla	77168
Balgownie - Fairy Meadow	113880
Corrimal - Tarrawanna - Bellambi	104104
Figtree - Keiraville	124124
Helensburgh	144404
Thirroul - Austinmer - Coalcliff	147628
Woonona - Bulli - Russell Vale	129792
Wollongong - East	109096
Wollongong - West	108264
Bulahdelah - Stroud	75348
Forster	70356
Forster-Tuncurry Surrounds	71136
Tuncurry	59124
Kempsey	69680
Kempsey Surrounds	73476
Macksville - Scotts Head	68120
Nambucca Heads	64688
Nambucca Heads Surrounds	70616
South West Rocks	65208
Lord Howe Island	100984
Laurieton - Bonny Hills	71136
Port Macquarie - West	79664
Port Macquarie Surrounds	79768
Wauchope	82680
Port Macquarie - East	100308
Port Macquarie - South	92248
Gloucester	70824
Old Bar - Manning Point - Red Head	76596
Taree	69004
Taree Surrounds	67132
Wingham	71604
Albury - East	112892
Albury - North	89856
Albury - South	109980
Albury Surrounds	101348
Lavington	79144
Hay	84500
Wentworth - Buronga	91572
Wentworth-Balranald Region	93548
Corowa	80652
Corowa Surrounds	85280
Deniliquin	87360
Deniliquin Surrounds	77532
Moama	91312
Tocumwal - Finley - Jerilderie	77272
Armidale	98436
Armidale Surrounds - North	81536
Armidale Surrounds - South	93080
Walcha	81484
Glen Innes	68848
Inverell	77584
Inverell Surrounds - East	68172
Inverell Surrounds - West	66716
Tenterfield	62712
Moree	98384
Moree Surrounds	103376
Narrabri	106080
Narrabri Surrounds	94588
Gunnedah	104676
Gunnedah Surrounds	99996
Quirindi	76908
Tamworth - East	92352
Tamworth - North	103220
Tamworth - West	73216
Tamworth Surrounds	96356
Belmont - Bennetts Green	106652
Belmont South - Blacksmiths	86788
Charlestown - Dudley	117052
Glendale - Cardiff - Hillsborough	112996
Mount Hutton - Windale	84344
Redhead	139568
Swansea - Caves Beach	95472
Valentine - Eleebana	130156
Warners Bay - Boolaroo	112060
Bolton Point - Teralba	98436
Bonnells Bay - Silverwater	91624
Edgeworth - Cameron Park	117260
Morisset - Cooranbong	92456
Toronto - Awaba	93912
Wangi Wangi - Rathmines	96876
West Wallsend - Barnsley - Killingworth	105040
Adamstown - Kotara	131300
Beresfield - Hexham	78000
Hamilton - Broadmeadow	123656
Lambton - New Lambton	129168
Maryland - Fletcher - Minmi	121264
Mayfield - Warabrook	109824
Merewether - The Junction	156312
Newcastle - Cooks Hill	142428
Newcastle Port - Kooragang	100724
Shortland - Jesmond	83200
Stockton - Fullerton Cove	103480
Wallsend - Elermore Vale	99684
Waratah - North Lambton	111020
Wickham - Carrington - Tighes Hill	125944
Ballina	81276
Ballina Surrounds	98332
Bangalow	119184
Brunswick Heads - Ocean Shores	92092
Byron Bay	108732
Evans Head	75764
Lennox Head - Skennars Head	119392
Mullumbimby	85176
Casino	72124
Casino Surrounds	73736
Goonellabah	90116
Kyogle	69940
Lismore	84344
Lismore Surrounds	94848
Kingscliff - Fingal Head	107900
Murwillumbah	75972
Murwillumbah Surrounds	84084
Pottsville	92924
Tweed Heads	79560
Banora Point	85072
Terranora - North Tumbulgum	114816
Tweed Heads South	70200
Griffith (NSW)	102648
Griffith Surrounds	101556
Leeton	95056
Narrandera	78624
Tumbarumba	85644
Tumut	83980
Tumut Surrounds	94692
Cootamundra	74152
Gundagai	93860
Junee	92612
Temora	81120
Wagga Wagga - East	108576
Wagga Wagga - North	121264
Wagga Wagga - South	105040
Wagga Wagga - West	91156
Wagga Wagga Surrounds	106912
Berry - Kangaroo Valley	99580
Callala Bay - Currarong	77740
Culburra Beach	76752
Ettrema - Sassafras - Budawang	97500
Huskisson - Vincentia	102232
North Nowra - Bomaderry	88660
Nowra	83148
St Georges Basin - Erowal Bay	70668
Sussex Inlet - Berrara	64376
Tomerong - Wandandian - Woollamia	98800
Ulladulla	75296
Ulladulla Surrounds	72228
Bowral	113464
Hill Top - Colo Vale	109408
Mittagong	110136
Moss Vale - Berrima	104780
Robertson - Fitzroy Falls	118716
Southern Highlands	101244
Baulkham Hills - East	139360
Baulkham Hills (West) - Bella Vista	155428
Glenhaven	160472
West Pennant Hills	170872
Castle Hill - Central	138268
Castle Hill - East	151892
Castle Hill - North	151268
Castle Hill - South	141024
Castle Hill - West	176956
Cherrybrook	161096
Kellyville - East	160628
Kellyville - West	165412
Dural - Kenthurst - Wisemans Ferry	144404
Galston - Laughtondale	140920
Bilpin - Colo - St Albans	110344
Kurrajong Heights - Ebenezer	125268
Pitt Town - McGraths Hill	133328
Box Hill - Nelson	154908
North Kellyville	166712
Rouse Hill - Beaumont Hills	167856
Blacktown (East) - Kings Park	101348
Blacktown (North) - Marayong	101088
Doonside - Woodcroft	109616
Lalor Park - Kings Langley	118300
Blacktown - South	102648
Blacktown - West	103012
Seven Hills - Prospect	113308
Toongabbie - West	114452
Glenwood	156468
Acacia Gardens	145600
Quakers Hill	128752
Kellyville Ridge - The Ponds	166348
Marsden Park - Shanes Park	142636
Riverstone	124852
Schofields (West) - Colebee	160888
Schofields - East	145236
Stanhope Gardens - Parklea	156884
Bidwill - Hebersham - Emerton	71240
Glendenning - Dean Park	110760
Hassall Grove - Plumpton	112424
Lethbridge Park - Tregear	86424
Mount Druitt - Whalan	80236
Prospect Reservoir	117000
Rooty Hill - Minchinbury	111592
Banksmeadow	133692
Botany	147888
Pagewood - Hillsdale - Daceyville	117988
Port Botany Industrial	194948
Sydney Airport	240448
Eastlakes	98436
Mascot	124488
Petersham - Stanmore	170092
Sydenham - Tempe - St Peters	160784
Marrickville - North	153972
Marrickville - South	130364
Darlinghurst	203476
Erskineville - Alexandria	191620
Glebe - Forest Lodge	166504
Potts Point - Woolloomooloo	185380
Surry Hills	184652
Camperdown - Darlington	177736
Chippendale	119808
Newtown (NSW)	176020
Pyrmont	157820
Redfern	166816
Rosebery - Beaconsfield	149916
Sydney (North) - Millers Point	179400
Sydney (South) - Haymarket	107016
Ultimo	114244
Waterloo	140348
Zetland	138840
Bondi - Tamarama - Bronte	197184
Bondi Beach - North Bondi	198172
Bondi Junction - Waverly	184808
Centennial Park	
Dover Heights	188448
Paddington - Moore Park	238628
Rose Bay - Vaucluse - Watsons Bay	238680
Woollahra	237432
Bellevue Hill	234260
Double Bay - Darling Point	223756
Kensington (NSW)	142636
Kingsford	130728
Maroubra - North	159068
Maroubra - South	137228
Maroubra - West	133224
Randwick - North	169728
Randwick - South	168636
Coogee - Clovelly	196508
Malabar - La Perouse	149500
Matraville - Chifley	135096
South Coogee	188500
Bass Hill - Georges Hall	84240
Chullora	127244
Condell Park	88816
Padstow	117780
Revesby	114452
Yagoona - Birrong	83096
Bankstown - North	75140
Bankstown - South	74672
Greenacre - North	88608
Greenacre - South	81588
Panania (North) - Milperra	120120
Panania (South) - Picnic Point	130728
Belmore - Belfield	95940
Punchbowl	77428
Roselands	100620
Lakemba	66820
Wiley Park	68900
Campsie - North	81744
Campsie - South	76024
Canterbury - South	106236
Earlwood	129272
Kingsgrove - North	110500
Narwee - Beverly Hills	102804
Oatley - Hurstville Grove	145496
Peakhurst - Lugarno	127660
Riverwood	80756
South Hurstville - Blakehurst	115492
Hurstville - Central	90116
Hurstville - North	98072
Mortdale - Oatley	134784
Penshurst	100984
Kingsgrove (South) - Bardwell Park	121576
Kogarah	115388
Kogarah Bay - Carlton - Allawah	113932
Monterey - Brighton-le-Sands - Kyeemagh	110812
Rockdale - Banksia	106496
Sans Souci - Ramsgate	123136
Arncliffe - Bardwell Valley	114504
Bexley - North	112060
Bexley - South	102960
Wolli Creek	121524
Concord - Mortlake - Cabarita	147680
Drummoyne - Rodd Point	179192
Five Dock - Abbotsford	155064
Concord West - North Strathfield	141024
Rhodes	125008
Balmain	239356
Lilyfield - Rozelle	218764
Annandale (NSW)	203060
Leichhardt	184132
Canterbury (North) - Ashbury	125372
Croydon Park - Enfield	119652
Dulwich Hill - Lewisham	150020
Haberfield - Summer Hill	168584
Homebush	112788
Strathfield South	121732
Ashfield - North	115128
Ashfield - South	121264
Burwood (NSW)	97500
Croydon	124644
Strathfield - East	112840
Strathfield - West	159432
Chatswood (West) - Lane Cove North	160888
St Leonards - Naremburn	191048
Artarmon	158548
Castle Cove - Northbridge	241332
Chatswood - East	126516
Greenwich - Riverview	241696
Lane Cove	178568
Willoughby	188760
Asquith - Mount Colah	143832
Berowra - Brooklyn - Cowan	149656
Normanhurst - Thornleigh - Westleigh	164164
Hornsby - East	111852
Hornsby - West	132080
Wahroonga (West) - Waitara	129116
Gordon - Killara	161356
Lindfield - Roseville	187096
Pymble	198120
St Ives	172328
Turramurra	179920
Wahroonga (East) - Warrawee	190476
Cremorne - Cammeray	203060
Crows Nest - Waverton	188604
Neutral Bay - Kirribilli	191568
North Sydney - Lavender Bay	198172
Mosman - North	216008
Mosman - South	237588
Balgowlah - Clontarf - Seaforth	227136
Manly - Fairlight	220740
Avalon - Palm Beach	155012
Bayview - Elanora Heights	160628
Newport - Bilgola	159484
Mona Vale - Warriewood (North)	145912
North Narrabeen - Warriewood (South)	157092
Beacon Hill - Narraweena	144144
Cromer	145600
Forestville - Killarney Heights	173056
Freshwater - Brookvale	171756
Manly Vale - Allambie Heights	171912
Terrey Hills - Duffys Forest	165256
Belrose	162292
Collaroy - Collaroy Plateau	158028
Dee Why (South) - North Curl Curl	162604
Dee Why - North	124800
Frenchs Forest - Oxford Falls	171652
Narrabeen - Wheeler Heights	140192
Camden - Ellis Lane	128076
Currans Hill	120900
Elderslie - Narellan	127764
Harrington Park	153296
Mount Annan	131144
Spring Farm	130156
Bradbury - Wedderburn	91364
Campbelltown - Woodbine	99788
Claymore - Eagle Vale - Raby	101504
Holsworthy Military Area	143000
Leumeah - Minto Heights	97500
Minto - St Andrews	98696
Rosemeadow - Glen Alpine	96408
Denham Court - Bardia	130416
Glenfield	114556
Ingleburn	99372
Macquarie Fields	82160
Bargo	109252
Douglas Park - Appin	136448
Picton - Tahmoor - Buxton	112788
The Oaks - Oakdale	121992
Blackheath - Megalong Valley	94328
Blaxland - Warrimoo - Lapstone	137904
Blue Mountains - North	71500
Katoomba - Leura	93080
Lawson - Hazelbrook - Linden	110708
Springwood - Winmalee	124904
Wentworth Falls	102856
Blue Mountains - South	
Cambridge Park	104832
Emu Plains - Leonay	128440
Glenmore Park - Regentville	134576
Jamisontown - South Penrith	108732
Kingswood - Werrington	107744
Mulgoa - Luddenham - Orchard Hills	146796
Penrith	96200
Warragamba - Silverdale	130260
Cranebrook - Castlereagh	119808
Jordan Springs - Llandilo	130312
Richmond - Clarendon	105196
Windsor - Bligh Park	111228
Yarramundi - Londonderry	118924
Erskine Park	124644
St Clair	113516
Colyton - Oxley Park	92040
St Marys - North St Marys	87516
Rookwood Cemetery	97448
Auburn - Central	74048
Auburn - North	74828
Auburn - South	76752
Berala	83720
Lidcombe	96512
Regents Park	81900
Silverwater - Newington	131352
Wentworth Point - Sydney Olympic Park	117780
Ermington - Rydalmere	117520
Oatlands - Dundas Valley	112840
Carlingford - East	121056
Carlingford - West	112736
Chester Hill - Sefton	82004
Fairfield - East	72488
Granville - Clyde	85696
Guildford - South Granville	73008
Guildford West - Merrylands West	86476
Smithfield Industrial	84500
Yennora Industrial	49348
Greystanes - South	111800
Merrylands - Holroyd	86736
Pemulwuy - Greystanes (North)	133068
South Wentworthville	102336
North Parramatta	117728
North Rocks	135460
Northmead	124852
Toongabbie - Constitution Hill	119444
Winston Hills	140556
Pendle Hill - Girraween	119184
Wentworthville - Westmead	122512
Parramatta - North	123760
Parramatta - South	106652
Rosehill - Harris Park	102700
Pennant Hills - Cheltenham	165724
Epping (East) - North Epping	143260
Epping (NSW) - West	125736
Gladesville - Huntleys Point	165256
Hunters Hill - Woolwich	238368
Macquarie Park - Marsfield	121680
North Ryde - East Ryde	154648
West Ryde - Meadowbank	125840
Putney	171756
Denistone	144560
Eastwood	113516
Ryde - North	125320
Ryde - South	130000
Ashcroft - Busby - Miller	64064
Austral - Greendale	109980
Badgerys Creek	108316
Cecil Hills	121992
Green Valley	90636
Hinchinbrook	103636
Hoxton Park - Carnes Hill - Horningsea Park	117468
West Hoxton - Middleton Grange	125216
Cobbitty - Bringelly	125892
Gledswood Hills - Gregory Hills	136708
Leppington - Catherine Field	121836
Oran Park	123812
Bonnyrigg Heights - Bonnyrigg	83772
Bossley Park - Abbotsbury	96512
Cabramatta - Lansvale	68172
Cabramatta West - Mount Pritchard	79040
Canley Vale - Canley Heights	75660
Edensor Park	93860
Fairfield	64636
Fairfield - West	73268
Greenfield Park - Prairiewood	78988
Horsley Park - Kemps Creek	128596
Smithfield - Wetherill Park	79612
St Johns Park - Wakeley	81952
Wetherill Park Industrial	181948
Casula	99684
Chipping Norton - Moorebank	118248
Holsworthy - Wattle Grove	137904
Lurnea - Cartwright	69160
Warwick Farm	73060
Edmondson Park	136188
Liverpool - East	79300
Liverpool - West	73840
Prestons	119132
Gymea - Grays Point	150644
Miranda - Yowie Bay	128440
Sylvania - Taren Point	125320
Caringbah	131612
Caringbah South	165308
Cronulla - Kurnell - Bundeena	139464
Lilli Pilli - Port Hacking - Dolans Bay	189592
Woolooware - Burraneer	168636
Heathcote - Waterfall	135772
Illawong - Alfords Point	151320
Menai - Lucas Heights - Woronora	150592
Oyster Bay - Como - Jannali	161356
Royal National Park	84500
Sutherland - Kirrawee	130728
Engadine	135200
Loftus - Yarrawarrah	146432
Woronora Heights	167180
Migratory - Offshore - Shipping (NSW)	
No usual address (NSW)	
Alfredton	115336
Ballarat	118352
Buninyong	118040
Delacombe	96460
Smythes Creek	116272
Wendouree - Miners Rest	78884
Ballarat East - Warrenheip	82108
Ballarat North - Invermay	115284
Canadian - Mount Clear	93600
Sebastopol - Redan	70824
Bacchus Marsh Surrounds	106756
Creswick - Clunes	84500
Daylesford	92768
Gordon (Vic.)	109772
Avoca	66872
Beaufort	80704
Golden Plains - North	91936
Maryborough (Vic.)	63440
Maryborough Surrounds	68796
Bendigo	86580
California Gully - Eaglehawk	79456
East Bendigo - Kennington	100308
Flora Hill - Spring Gully	101764
Kangaroo Flat - Golden Square	82160
Maiden Gully	122616
Strathfieldsaye	125372
White Hills - Ascot	100932
Bendigo Surrounds - South	114244
Castlemaine	87152
Castlemaine Surrounds	90792
Heathcote	75400
Kyneton	108472
Woodend	132444
Bendigo Surrounds - North	91884
Loddon	71500
Bannockburn	120900
Golden Plains - South	109356
Winchelsea	112424
Belmont	107640
Geelong	114972
Geelong West - Hamlyn Heights	122980
Highton	133900
Lara	115804
Leopold	101712
Newcomb - Moolap	76596
Newtown (Vic.)	148772
North Geelong - Bell Park	94224
Charlemont	115232
Corio - Lovely Banks	74360
Grovedale - Mount Duneed	110656
Norlane	63856
Clifton Springs	92768
Lorne - Anglesea	110604
Portarlington	74308
Point Lonsdale - Queenscliff	102180
Torquay	136604
Barwon Heads - Armstrong Creek	124748
Ocean Grove	120640
Alexandra	79456
Euroa	76908
Kilmore - Broadford	101348
Mansfield (Vic.)	88816
Nagambie	91260
Seymour	77116
Seymour Surrounds	110552
Upper Yarra Valley	71500
Yea	82784
Benalla	79092
Benalla Surrounds	84552
Rutherglen	94016
Wangaratta	90064
Wangaratta Surrounds	96044
Beechworth	98748
Bright - Mount Beauty	94952
Chiltern - Indigo Valley	99580
Myrtleford	86996
Towong	86164
West Wodonga	99060
Yackandandah	110500
Baranduda - Leneva	117832
Wodonga	83512
Drouin	93548
Mount Baw Baw Region	92664
Trafalgar (Vic.)	95992
Warragul	103636
Alps - East	
Bairnsdale	78832
Bruthen - Omeo	84188
Lake King	
Lakes Entrance	68484
Orbost	66560
Paynesville	68328
Foster	76232
French Island	54600
Korumburra	89700
Leongatha	90688
Phillip Island	77480
Wilsons Promontory	123448
Wonthaggi - Inverloch	76960
Churchill	89180
Moe - Newborough	74932
Morwell	65676
Yallourn North - Glengarry	103688
Traralgon - East	96044
Traralgon - West	108264
Alps - West	58448
Longford - Loch Sport	76752
Maffra	89752
Rosedale	95524
Sale	92404
Yarram	69836
Brunswick East	147368
Brunswick West	132028
Pascoe Vale South	143572
Brunswick - North	141336
Brunswick - South	149760
Coburg - East	125476
Coburg - West	137540
Alphington - Fairfield	163176
Thornbury	140920
Northcote - East	164528
Northcote - West	166556
Ascot Vale	157248
Flemington	115492
Moonee Ponds	152152
Essendon (West) - Aberfeldie	152152
Essendon - East	150592
Carlton	107328
Docklands	128024
East Melbourne	194116
Flemington Racecourse	160316
Kensington (Vic.)	159276
Parkville	133484
South Yarra - West	170768
West Melbourne - Industrial	
Melbourne CBD - East	116896
Melbourne CBD - North	79040
Melbourne CBD - West	101140
North Melbourne	128700
Royal Botanic Gardens Victoria	364000
Southbank (West) - South Wharf	139412
Southbank - East	124020
West Melbourne - Residential	124644
Albert Park	173420
Elwood	166920
Port Melbourne	170820
St Kilda East	150488
Port Melbourne Industrial	154284
South Melbourne	160732
St Kilda - Central	141388
St Kilda - West	144924
Armadale	175552
Prahran - Windsor	161876
Toorak	203008
South Yarra - North	152620
South Yarra - South	160472
Abbotsford	157248
Carlton North - Princes Hill	160212
Collingwood	146484
Fitzroy	159744
Fitzroy North	166764
Clifton Hill - Alphington	183716
Richmond (South) - Cremorne	182832
Richmond - North	138528
Ashburton (Vic.)	177944
Balwyn	132912
Balwyn North	141752
Camberwell	171288
Glen Iris - East	185692
Hawthorn East	166556
Kew East	164632
Surrey Hills (West) - Canterbury	183976
Hawthorn - North	183872
Hawthorn - South	162032
Kew - South	174928
Kew - West	169468
Bulleen	114712
Doncaster	101764
Templestowe	125788
Templestowe Lower	116012
Doncaster East - North	112216
Doncaster East - South	102908
Blackburn	132964
Blackburn South	123292
Box Hill	99528
Box Hill North	119808
Burwood (Vic.)	110188
Burwood East	102544
Surrey Hills (East) - Mont Albert	160784
Beaumaris	171392
Brighton (Vic.)	198016
Brighton East	177892
Highett (West) - Cheltenham	154700
Hampton	175916
Sandringham - Black Rock	172120
Bentleigh - McKinnon	148876
Carnegie	131924
Caulfield - North	156624
Caulfield - South	155376
Elsternwick	167232
Hughesdale	132080
Murrumbeena	145496
Ormond - Glen Huntly	138840
Bentleigh East - North	138112
Bentleigh East - South	136604
Aspendale Gardens - Waterways	132548
Braeside	117000
Carrum - Patterson Lakes	123240
Chelsea - Bonbeach	125372
Chelsea Heights	120276
Highett (East) - Cheltenham	128440
Edithvale - Aspendale	140712
Mentone	135408
Moorabbin - Heatherton	130676
Moorabbin Airport	
Mordialloc - Parkdale	145964
Malvern - Glen Iris	181376
Malvern East	171184
Bundoora - East	102232
Greensborough	128804
Heidelberg - Rosanna	144144
Heidelberg West	111228
Ivanhoe	158132
Ivanhoe East - Eaglemont	184548
Montmorency - Briar Hill	132548
Viewbank - Yallambie	129324
Watsonia	125320
Kingsbury	108732
Preston - East	118924
Preston - West	127660
Reservoir - North East	102856
Reservoir - North West	88452
Reservoir - South East	99320
Reservoir - South West	114972
Eltham	147836
Hurstbridge	124904
Kinglake	108004
Panton Hill - St Andrews	129116
Plenty - Yarrambat	145704
Research - North Warrandyte	158756
Wattle Glen - Diamond Creek	142168
Bundoora - North	117312
Bundoora - West	87828
Mill Park - North	106756
Mill Park - South	98176
Thomastown	72124
Wallan	110604
Whittlesea	110812
Epping - East	95264
Epping - South	83148
Epping (Vic.) - West	101608
South Morang - North	121992
South Morang - South	111644
Wollert	105404
Doreen - North	121784
Doreen - South	117572
Lalor - East	72332
Lalor - West	82836
Mernda - North	109356
Mernda - South	112996
Airport West	119184
Essendon Airport	
Keilor	116064
Niddrie - Essendon West	143416
Strathmore	153712
Avondale Heights	106028
Keilor East	117364
Gisborne	138112
Macedon	148720
Riddells Creek	124436
Romsey	116324
Coburg North	123760
Fawkner	87932
Gowanbrae	134004
Hadfield	96928
Glenroy - East	95160
Glenroy - West	109304
Oak Park	136396
Pascoe Vale	128440
Sunbury	120380
Diggers Rest	116532
Sunbury - South	112788
Sunbury - West	116012
Broadmeadows	66560
Campbellfield - Coolaroo	64740
Gladstone Park - Westmeadows	100672
Greenvale - Bulla	120380
Meadow Heights	69784
Melbourne Airport	181948
Tullamarine	93288
Craigieburn - Central	86528
Craigieburn - North	105404
Craigieburn - South	98020
Mickleham - Yuroke	103168
Craigieburn - North West	95940
Craigieburn - West	93496
Roxburgh Park (South) - Somerton	88660
Roxburgh Park - North	82680
Bayswater	102700
Knoxfield - Scoresby	113256
Lysterfield	150072
Rowville - Central	119860
Rowville - North	130780
Rowville - South	130468
Wantirna	109512
Wantirna South	111852
Boronia	103844
Ferntree Gully - North	107692
Ferntree Gully (South) - Upper Ferntree Gully	115908
The Basin	119132
Donvale - Park Orchards	141284
Warrandyte - Wonga Park	158652
Bayswater North	113724
Croydon Hills - Warranwood	139048
Ringwood	112164
Ringwood East	125008
Ringwood North	137228
Croydon - East	105924
Croydon - West	115492
Croydon South	115856
Forest Hill	110240
Mitcham (Vic.)	129324
Nunawading	124436
Vermont	122408
Vermont South	113308
Belgrave - Selby	128856
Chirnside Park	120432
Healesville - Yarra Glen	102492
Kilsyth	106600
Lilydale - Coldstream	113828
Monbulk - Silvan	113308
Montrose	124176
Mooroolbark	116740
Mount Dandenong - Olinda	126464
Mount Evelyn	117676
Upwey - Tecoma	128804
Wandin - Seville	115960
Yarra Valley	93184
Emerald - Cockatoo	124904
Beaconsfield - Officer	120744
Bunyip - Garfield	112424
Koo Wee Rup	109408
Pakenham - North East	97708
Pakenham - North West	106808
Pakenham - South East	78468
Pakenham - South West	101868
Berwick - North	120172
Doveton	72332
Hallam	84916
Narre Warren North	137280
Endeavour Hills - North	103584
Endeavour Hills - South	98436
Narre Warren - North East	108316
Narre Warren - South West	94068
Berwick - South East	127712
Berwick - South West	117936
Cranbourne	87620
Cranbourne South	120328
Cranbourne West	103168
Lynbrook - Lyndhurst	118872
Pearcedale - Tooradin	110552
Narre Warren South - East	122200
Narre Warren South - West	106236
Clyde North - North	122564
Clyde North - South	113932
Cranbourne East - North	103220
Cranbourne East - South	105872
Cranbourne North - East	113516
Cranbourne North - West	94588
Hampton Park - East	86008
Hampton Park - West	81848
Clarinda - Oakleigh South	101400
Clayton South	90636
Dandenong North	85280
Dingley Village	121420
Noble Park North	89544
Springvale	76440
Springvale South	77896
Noble Park - East	83720
Noble Park - West	78052
Dandenong - North	72748
Dandenong - South	73528
Keysborough - North	83720
Keysborough - South	127660
Ashwood - Chadstone	127348
Glen Waverley - East	113360
Glen Waverley - West	111072
Mount Waverley - North	122356
Mount Waverley - South	125216
Mulgrave	110968
Oakleigh - Huntingdale	121212
Wheelers Hill	110448
Clayton (North) - Notting Hill	84760
Clayton - Central	96512
Ardeer - Albion	90116
Cairnlea	103896
Delahey	86684
Keilor Downs	91624
Kings Park (Vic.)	69108
St Albans - North	68120
St Albans - South	69004
Sunshine	93912
Sunshine North	77532
Sunshine West	79716
Sydenham	105196
Taylors Lakes	122564
Deer Park	82472
Derrimut	115336
Altona	128700
Altona Meadows	101192
Altona North	113672
Newport	167076
Seabrook	114452
Williamstown	168220
Braybrook	101244
Footscray	119392
Maribyrnong	124956
Seddon - Kingsville	163748
West Footscray - Tottenham	134472
Yarraville	167232
Bacchus Marsh	112112
Melton West	93288
Rockbank - Mount Cottrell	113932
Taylors Hill	122200
Burnside	106808
Burnside Heights	115440
Caroline Springs	118404
Brookfield	93756
Cobblebank - Strathtulloh	106964
Eynesbury - Exford	139724
Fraser Rise - Plumpton	121524
Hillside	121264
Kurunjang - Toolern Vale	91780
Melton	67756
Melton South - Weir Views	78572
Hoppers Crossing - North	99216
Hoppers Crossing - South	87672
Laverton	116532
Werribee - South	113204
Point Cook - East	127140
Point Cook - South	133952
Werribee - East	83928
Werribee - West	112944
Manor Lakes - Quandong	120900
Point Cook - North East	122876
Point Cook - North West	130208
Tarneit (West) - Mount Cottrell	106444
Tarneit - Central	110604
Tarneit - North	110292
Tarneit - South	101816
Truganina - North	116428
Truganina - South East	120744
Truganina - South West	100932
Wyndham Vale - North	102024
Wyndham Vale - South	99424
Carrum Downs	103636
Frankston	100932
Frankston North	85436
Frankston South	128648
Langwarrin	118248
Seaford (Vic.)	108212
Skye - Sandhurst	123656
Dromana	93288
Flinders	134836
Hastings - Somers	95628
Mount Eliza	153712
Mount Martha	129012
Point Nepean	96356
Rosebud - McCrae	78676
Somerville	110708
Mornington - East	105196
Mornington - West	102388
Ararat	83616
Ararat Surrounds	93184
Horsham	94640
Horsham Surrounds	104364
Nhill Region	82732
St Arnaud	72748
Stawell	80808
West Wimmera	86060
Yarriambiack	77220
Irymple	106080
Merbein	85540
Mildura Surrounds	87256
Red Cliffs	87464
Mildura - North	77168
Mildura - South	92768
Buloke	76336
Gannawarra	73840
Kerang	73424
Robinvale	76336
Swan Hill	93704
Swan Hill Surrounds	87464
Echuca	90532
Kyabram	83096
Lockington - Gunbower	88816
Rochester	79664
Rushworth	72176
Cobram	75400
Moira	82108
Numurkah	82004
Yarrawonga	75140
Mooroopna	75660
Shepparton - North	101660
Shepparton Surrounds - East	102284
Shepparton Surrounds - West	92560
Kialla	114400
Shepparton - South East	70564
Glenelg (Vic.)	86008
Hamilton (Vic.)	85904
Portland	80652
Southern Grampians	91260
Camperdown	79716
Colac	88452
Colac Surrounds	96876
Corangamite - North	84864
Corangamite - South	91676
Otway	79144
Moyne - East	99060
Moyne - West	99372
Warrnambool - North	98384
Warrnambool - South	98748
Migratory - Offshore - Shipping (Vic.)	
No usual address (Vic.)	
Alexandra Hills	107536
Belmont - Gumdale	144768
Birkdale	118404
Capalaba	108316
Thorneside	102076
Wellington Point	126412
Cleveland	103896
Ormiston	121316
Redland Bay	114972
Sheldon - Mount Cotton	139724
Thornlands	123656
Victoria Point	100516
North Stradbroke Island	79768
Southern Moreton Bay Islands	49608
Brisbane Port - Lytton	
Manly - Lota	135616
Manly West	125372
Murarrie	139776
Tingalpa	120692
Wakerley	164632
Wynnum	126048
Wynnum West - Hemmant	113776
Bald Hills	114244
Bridgeman Downs	158600
Carseldine	121368
Everton Park	128128
McDowall	140816
Aspley	121836
Chermside	98072
Chermside West	126776
Geebung	132652
Kedron - Gordon Park	149864
Stafford	125736
Stafford Heights	128804
Wavell Heights	161356
Boondall	113308
Brisbane Airport	143000
Eagle Farm - Pinkenba	134836
Northgate - Virginia	144352
Nudgee - Banyo	136240
Nundah	126308
Bracken Ridge	111748
Brighton (Qld)	126048
Deagon	118716
Sandgate - Shorncliffe	144144
Taigum - Fitzgibbon	101764
Zillmere	91312
Camp Hill	181896
Cannon Hill	148304
Carina	128544
Carina Heights	122668
Carindale	142428
Annerley	126984
Coorparoo	147628
Fairfield - Dutton Park	136032
Greenslopes	133432
Holland Park	154128
Holland Park West	146224
Woolloongabba	124124
Yeronga	150592
Eight Mile Plains	106860
Macgregor (Qld)	87308
Mansfield (Qld)	116896
Mount Gravatt	128076
Rochedale - Burbank	135980
Upper Mount Gravatt	106964
Wishart	113932
Coopers Plains	97916
Moorooka	127504
Robertson	96356
Salisbury - Nathan	131300
Tarragindi	172276
Algester	97032
Calamvale - Stretton	101868
Pallara - Willawong	123760
Parkinson - Drewvale	116584
Rocklea - Acacia Ridge	84500
Kuraby	111852
Runcorn	94120
Sunnybank	83408
Sunnybank Hills	93860
Jindalee - Mount Ommaney	136760
Middle Park - Jamboree Heights	121940
Riverhills	120068
Seventeen Mile Rocks - Sinnamon Park	147836
Westlake	148616
Bellbowrie - Moggill	134576
Brookfield - Kenmore Hills	187252
Chapel Hill	167804
Fig Tree Pocket	219752
Kenmore	151424
Pinjarra Hills - Pullenvale	185796
Chelmer - Graceville	190580
Corinda	147420
Indooroopilly	129896
Sherwood	151996
St Lucia	124228
Taringa	128908
Enoggera	136396
Enoggera Reservoir	103948
Keperra	110656
Mitchelton	147784
Mount Coot-tha	
The Gap	153556
Upper Kedron - Ferny Grove	143728
Brisbane City	125788
Fortitude Valley	117520
Highgate Hill	137852
Kangaroo Point	139100
New Farm	164424
South Brisbane	119340
Spring Hill	120692
West End	140920
Balmoral	178204
Bulimba	189748
East Brisbane	140400
Hawthorne	205140
Morningside - Seven Hills	151840
Norman Park	180856
Albion	135356
Alderley	162344
Ascot	169208
Clayfield	147264
Grange	199472
Hamilton (Qld)	154388
Hendra	188812
Kelvin Grove - Herston	120692
Newmarket	160888
Newstead - Bowen Hills	151632
Wilston	206388
Windsor	150956
Wooloowin - Lutwyche	147628
Ashgrove	189436
Auchenflower	158080
Bardon	217672
Paddington - Milton	176332
Red Hill (Qld)	175500
Toowong	136656
Brinsmead	123448
Clifton Beach - Kewarra Beach	103168
Freshwater - Stratford	118040
Redlynch	125060
Trinity Beach - Smithfield	109876
Yorkeys Knob - Machans Beach	90688
Bentley Park	101296
Cairns City	93288
Earlville - Bayview Heights	102284
Edmonton	97656
Gordonvale - Trinity	107016
Kanimbla - Mooroobool	102440
Lamb Range	143000
Manoora	69576
Manunda	76544
Mount Sheridan	104936
Westcourt - Bungalow	78728
White Rock	82576
Whitfield - Edge Hill	115284
Woree	73684
Babinda	86736
Innisfail	74152
Johnstone	80704
Tully	75400
Wooroonooran	117000
Yarrabah	47372
Daintree	79040
Port Douglas	96252
Atherton	84240
Herberton	61464
Kuranda	85488
Malanda - Yungaburra	79768
Mareeba	83564
Balonne	88608
Chinchilla	100360
Goondiwindi	103740
Inglewood - Waggamba	71812
Miles - Wandoan	84656
Roma	112892
Roma Surrounds	97344
Tara	62140
Crows Nest - Rosalie	70876
Jondaryan	84656
Millmerran	78104
Pittsworth	89648
Wambo	91312
Clifton - Greenmount	84708
Southern Downs - East	77428
Southern Downs - West	69420
Stanthorpe	70356
Stanthorpe Surrounds	70044
Warwick	73996
Central Highlands - East	120588
Central Highlands - West	114660
Emerald	130520
Berserker	78936
Bouldercombe	87048
Emu Park	75712
Frenchville - Mount Archer	111540
Glenlee - Rockyview	130728
Gracemere	96564
Lakes Creek	87932
Mount Morgan	57252
Norman Gardens	110604
Park Avenue	86060
Parkhurst - Kawana	107120
Rockhampton - West	98488
Rockhampton City	72592
Rockhampton Surrounds - East	99424
Rockhampton Surrounds - North	100152
Rockhampton Surrounds - West	112320
Shoalwater Bay	71500
The Range - Allenstown	117676
Yeppoon	107380
Banana	107380
Biloela	116584
Agnes Water - Miriam Vale	66404
Boyne Island - Tannum Sands	119340
Callemondah	49348
Clinton - New Auckland	113620
Gladstone	88972
Gladstone Hinterland	114504
Kin Kora - Sun Valley	105248
South Trees	
Telina - Toolooa	114504
West Gladstone	90324
Broadbeach Waters	123552
Burleigh Heads	111332
Burleigh Waters	110916
Mermaid Beach - Broadbeach	110968
Mermaid Waters	110136
Miami	118040
Coolangatta	92924
Currumbin - Tugun	108836
Currumbin Waters	104364
Elanora	106184
Palm Beach	115388
Arundel	97656
Biggera Waters	85644
Coombabah	75972
Labrador	79716
Paradise Point - Hollywell	114816
Runaway Bay	96304
Guanaba - Springbrook	102804
Tamborine - Canungra	102648
Currumbin Valley - Tallebudgera	120328
Mudgeeraba - Bonogin	113308
Reedy Creek - Andrews	121888
Carrara	98592
Highland Park	98592
Nerang - Mount Nathan	99892
Pacific Pines - Gaven	110188
Worongary - Tallai	119132
Coomera	103324
Helensvale	114972
Hope Island	114816
Jacobs Well - Alberton	109304
Oxenford - Maudsland	113724
Ormeau (East) - Stapylton	110916
Ormeau (West) - Yatala	118924
Pimpama - North	101296
Pimpama - South	96460
Upper Coomera (South) - Wongawallan	124540
Upper Coomera - North	102596
Willow Vale - Pimpama (West)	107432
Clear Island Waters	105820
Merrimac	98332
Varsity Lakes	100932
Robina - East	109252
Robina - West	95732
Ashmore	104364
Molendinar	97812
Parkwood	109356
Southport - North	76492
Southport - South	88244
Benowa	111696
Bundall	118768
Main Beach	117988
Surfers Paradise - North	87516
Surfers Paradise - South	89960
Darra - Sumner	99008
Durack	84968
Inala - Richlands	66300
Oxley (Qld)	130780
Wacol	68068
Doolandella	100204
Forest Lake - Ellen Grove	109252
Boonah	86268
Esk	66352
Lake Manchester - England Creek	
Lockyer Valley - East	84344
Lowood	84500
Rosewood	95888
Brassall	90376
Bundamba	84916
Churchill - Yamanto	100932
Ipswich - Central	98592
Ipswich - East	84500
Ipswich - North	126308
Karalee - Barellan Point	136084
Karana Downs	134576
Leichhardt - One Mile	71396
North Ipswich - Tivoli	87620
Raceview	97864
Ripley	118612
Riverview	66664
Camira - Gailes	102492
Carole Park	117000
Collingwood Park - Redbank	95888
Goodna	78000
New Chum	
Redbank Plains	84448
Springfield	118092
Springfield Lakes	120796
Augustine Heights - Brookwater	153400
Bellbird Park	104104
Beaudesert	76492
Beenleigh	79820
Eagleby	67028
Edens Landing - Holmview	99372
Mount Warren Park	94848
Wolffdene - Bahrs Scrub	113308
Boronia Heights - Park Ridge	86112
Browns Plains	82940
Chambers Flat - Logan Reserve	96200
Crestmead	80756
Greenbank Military Camp	
Hillcrest	102804
Marsden	76596
Munruben - Park Ridge South	115804
Regents Park - Heritage Park	104104
Logan Village	115700
Flagstone (East) - Riverbend	114088
Flagstone (West) - New Beith	129844
Greenbank - North Maclean	109096
Jimboomba - Glenlogan	114712
Yarrabilba	86008
Bethania - Waterford	82108
Cornubia - Carbrook	130156
Loganholme - Tanah Merah	106444
Loganlea	78260
Shailer Park	123812
Waterford West	76908
Daisy Hill	115752
Kingston (Qld)	67860
Logan Central	59800
Rochedale South - Priestdale	111956
Slacks Creek	76648
Springwood	106600
Underwood	109720
Woodridge	62244
Bowen	92248
Broadsound - Nebo	135876
Clermont	119392
Collinsville	89440
Moranbah	173004
Andergrove - Beaconsfield	107640
East Mackay	114660
Eimeo - Rural View	129428
Eungella Hinterland	169000
Mackay	95004
Mackay Harbour	133692
Mount Pleasant - Glenella	133640
North Mackay	94588
Ooralea - Bakers Creek	123396
Pioneer Valley	119288
Sarina	108576
Seaforth - Calen	106548
Shoal Point - Bucasia	120432
Slade Point	99008
South Mackay	104988
Walkerston - Eton	120744
West Mackay	116272
Airlie - Whitsundays	103480
Cape Conway	
Proserpine	93184
Beachmere - Sandstone Point	72124
Bribie Island	63908
Burpengary - East	121784
Caboolture - South	73892
Elimbah	113620
Morayfield - East	85540
Wamuran	108576
Caboolture - East	79248
Caboolture - West	83096
Kilcoy	80028
Woodford - D'Aguilar	94432
Burpengary	101504
Deception Bay	76440
Morayfield	110760
Narangba	118716
Upper Caboolture	114452
Clontarf	96460
Margate - Woody Point	88764
Redcliffe	79404
Rothwell - Kippa-Ring	83824
Moreton Island	84500
Scarborough - Newport	112580
Albany Creek	132860
Cashmere	131456
Dayboro	128388
Eatons Hill	148824
The Hills District	135304
Samford Valley	154752
Murrumba Downs - Griffin	110448
Dakabin	98592
Kallangur	88140
Mango Hill	117832
North Lakes	117416
Bray Park	99476
Lawnton	96408
Petrie	108472
Strathpine - Brendale	91936
Aurukun	40820
Cape York	65156
Croydon - Etheridge	78624
Kowanyama - Pormpuraaw	46904
Northern Peninsula	66924
Tablelands	78624
Torres	101452
Torres Strait Islands	47996
Weipa	170716
Carpentaria	60268
Mount Isa	137904
Mount Isa Surrounds	120328
Northern Highlands	100308
Barcaldine - Blackall	95004
Charleville	91832
Far Central West	109668
Far South West	74672
Longreach	108888
Buderim - North	108732
Buderim - South	113204
Mountain Creek	107224
Sippy Downs	94744
Aroona - Currimundi	100152
Buddina - Minyama	112112
Caloundra - Kings Beach	76024
Golden Beach - Pelican Waters	84188
Moffat Beach - Battery Hill	104780
Parrearra - Warana	106236
Wurtulla - Birtinya	108784
Caloundra West - Baringa	103636
Meridan Plains - Little Mountain (North)	97032
Coolum Beach	107692
Marcoola - Mudjimba	93496
Maroochydore - Kuluin	92768
Mooloolaba - Alexandra Headland	107432
Noosa Heads	115856
Noosaville	93028
Sunshine Beach	113204
Tewantin	80860
Peregian Beach - Marcus Beach	115076
Peregian Springs	106132
Beerwah	90896
Caloundra Hinterland	77896
Glass House Mountains	96720
Landsborough	108836
Maroochy Hinterland	83304
Palmwoods	103740
Bli Bli	99684
Diddillibah - Rosemount	104468
Eumundi - Yandina	101140
Nambour	89128
Noosa Hinterland	90584
Cambooya - Wyreema	112996
Darling Heights	89128
Drayton - Harristown	78780
Gatton	77584
Gowrie (Qld)	111228
Highfields	118768
Lockyer Valley - West	99944
Middle Ridge	125476
Newtown (Qld)	78364
North Toowoomba - Harlaxton	77740
Rangeville	112528
Toowoomba - Central	91780
Toowoomba - East	127868
Toowoomba - West	108836
Wilsonton	73112
Ayr	91832
Burdekin	96044
Charters Towers	86112
Dalrymple	97968
Ingham	73164
Ingham Surrounds	87256
Palm Island	46696
Aitkenvale	92664
Annandale (Qld)	125580
Belgian Gardens - Pallarenda	130208
Bohle Plains	127036
Condon - Rasmussen	83772
Cranbrook	91364
Douglas	125372
Garbutt - West End	96928
Gulliver - Currajong - Vincent	91988
Heatley	79820
Hermit Park - Rosslea	101764
Hyde Park - Pimlico	106392
Kelso	94068
Kirwan - East	82212
Kirwan - West	109148
Magnetic Island	71344
Mount Louisa	117728
Mundingburra	102440
Northern Beaches	97760
Oonoonba	128908
South Townsville - Railway Estate	109356
Townsville - South	113776
Townsville City - North Ward	137540
Wulguru - Roseneath	92248
Burdell - Mount Low	124228
Deeragun - Jensen	100984
Ashfield - Kepnock	81380
Bargara - Burnett Heads	81432
Branyan - Kensington	95992
Bundaberg	69992
Bundaberg East - Kalkie	85384
Bundaberg North - Gooburrum	68276
Bundaberg Surrounds - North	72592
Bundaberg Surrounds - South	65676
Millbank - Avoca	73840
Svensson Heights - Norville	72280
Walkervale - Avenell Heights	73788
Gayndah - Mundubbera	70356
Gin Gin	62556
Kingaroy	80496
Kingaroy Surrounds - North	61880
Kingaroy Surrounds - South	86008
Monto - Eidsvold	65312
Nanango	57928
North Burnett	58500
Cooloola	50336
Gympie - North	70512
Gympie - South	76180
Gympie Surrounds	75764
Kilkivan	70200
Booral - River Heads	78572
Craignish - Dundowran Beach	87308
Pialba - Eli Waters	64428
Point Vernon	65000
Torquay - Scarness - Kawungan	67028
Urangan - Wondunna	69316
Burrum - Fraser	59904
Granville	63960
Maryborough (Qld)	66196
Maryborough Surrounds - South	61152
Tinana	74412
Migratory - Offshore - Shipping (Qld)	143000
No usual address (Qld)	
Adelaide	106912
North Adelaide	137956
Adelaide Hills	112476
Aldgate - Stirling	140816
Hahndorf - Echunga	121316
Lobethal - Woodside	107380
Mount Barker	108680
Mount Barker Surrounds	109096
Nairne	108004
Uraidla - Summertown	129480
Burnside - Wattle Park	138164
Beaumont - Glen Osmond	143988
Toorak Gardens	138736
Athelstone	117884
Paradise - Newton	98384
Rostrevor - Magill	110968
Norwood (SA)	124176
Payneham - Felixstow	108940
St Peters - Marden	136604
Nailsworth - Broadview	129480
Prospect	129376
Walkerville	143624
Goodwood - Millswood	139672
Unley - Parkside	140764
Gawler - North	108940
Gawler - South	90792
Lewiston - Two Wells	106756
Craigmore - Blakeview	94224
Davoren Park	70460
Elizabeth	54860
Elizabeth East	74360
Munno Para West - Angle Vale	95108
One Tree Hill	123552
Smithfield - Elizabeth North	60372
Virginia - Waterloo Corner	91156
Enfield - Blair Athol	91884
Windsor Gardens	104572
Northgate - Northfield	109096
Valley View - Gilles Plains	90168
Dry Creek - North	
Ingle Farm	85592
Para Hills	88140
Parafield	
Parafield Gardens	78624
Paralowie	85488
Salisbury	68380
Salisbury East	85072
Salisbury North	74308
Mawson Lakes - Globe Derby Park	113828
Pooraka - Cavan	78416
Golden Grove	113984
Greenwith	119028
Highbury - Dernancourt	116012
Hope Valley - Modbury	87568
Modbury Heights	104208
Redwood Park	109616
St Agnes - Ridgehaven	100672
Brighton (SA)	120484
Glenelg (SA)	123136
Edwardstown	104312
Hallett Cove	110396
Marino - Seaview Downs	114712
Mitchell Park	91208
Morphettville	112996
Sheidow Park - Trott Park	111748
Warradale	99008
Belair	144924
Bellevue Heights	111852
Blackwood	132860
Colonel Light Gardens	136864
Mitcham (SA)	148408
Panorama	106756
Aberfoyle Park	108472
Aldinga	83564
Christie Downs	69316
Christies Beach	80028
Clarendon	119808
Coromandel Valley	129012
Flagstaff Hill	118560
Hackham - Onkaparinga Hills	85592
Hackham West - Huntfield Heights	70980
Happy Valley	101764
Happy Valley Reservoir	71500
Lonsdale	97500
McLaren Vale	105560
Morphett Vale - East	80912
Morphett Vale - West	73268
Reynella	89648
Willunga	105300
Woodcroft	104988
Seaford - Seaford Meadows	92404
Seaford Rise - Moana	99528
Beverley	112424
Flinders Park	104884
Henley Beach	123084
Hindmarsh - Brompton	111800
Royal Park - Hendon - Albert Park	98904
Seaton - Grange	101816
West Lakes	107224
Woodville - Cheltenham	100100
Dry Creek - South	
Largs Bay - Semaphore	115024
North Haven	96252
Port Adelaide	90376
The Parks	81640
Torrens Island	46800
Adelaide Airport	
Fulham	126776
Lockleys	113620
Plympton	106132
Richmond (SA)	108784
West Beach	122720
Barossa - Angaston	96980
Light	97240
Lyndoch	108368
Mallala	86320
Nuriootpa	90324
Tanunda	101816
Clare	90428
Gilbert Valley	81952
Goyder	66820
Wakefield - Barunga West	74308
Jamestown	78260
Peterborough - Mount Remarkable	68276
Port Pirie	75296
Port Pirie Surrounds	78988
Kadina	77376
Moonta	65312
Wallaroo	60632
Yorke Peninsula - North	69836
Yorke Peninsula - South	65780
Ceduna	96616
Eyre Peninsula	86060
Kimba - Cleve - Franklin Harbour	75712
Le Hunte - Elliston	91312
Port Lincoln	91000
West Coast (SA)	74620
Western	37700
Whyalla	87308
Whyalla - North	
APY Lands	38428
Coober Pedy	71760
Quorn - Lake Gilles	76856
Outback	82576
Port Augusta	85852
Roxby Downs	180284
Goolwa - Port Elliot	63804
Kangaroo Island	78052
Strathalbyn	81692
Strathalbyn Surrounds	92924
Victor Harbor	64844
Yankalilla	71344
Grant	100256
Kingston - Robe	82160
Millicent	73580
Naracoorte	90064
Naracoorte Surrounds	100776
Penola	86684
Tatiara	95108
Wattle Range	88816
Mount Gambier - East	92664
Mount Gambier - West	87776
Barmera	81120
Berri	71084
Karoonda - Lameroo	77792
Loxton	85176
Loxton Surrounds	77844
Mannum	63596
Murray Bridge	71448
Murray Bridge Surrounds	79144
Renmark	69940
Renmark Surrounds	92872
The Coorong	71344
Waikerie	70876
Migratory - Offshore - Shipping (SA)	
No usual address (SA)	
Augusta	88036
Busselton Surrounds	110760
Margaret River	103272
Busselton - East	91468
Busselton - West	90480
Australind - Leschenault	111488
Capel	98020
College Grove - Carey Park	75452
Collie	84136
Dardanup	117208
Davenport	129948
Eaton - Pelican Point	107276
Harvey	97448
East Bunbury - Glen Iris	88556
Waroona	88452
Dalyellup	118872
Gelorup - Stratham	129688
South Bunbury - Bunbury	108420
Withers - Usher	73840
Bridgetown - Boyup Brook	84188
Donnybrook - Balingup	87776
Manjimup	87620
Pemberton	74932
Dawesville - Bouvard	89024
Falcon - Wannanup	86320
Greenfields	69732
Halls Head - Erskine	92768
Mandurah	66508
Mandurah - East	87724
Mandurah - North	110188
Mandurah - South	72020
Pinjarra	88920
City Beach	238784
Claremont (WA)	164008
Cottesloe	238836
Floreat	222040
Mosman Park - Peppermint Grove	197912
Nedlands - Dalkeith - Crawley	195936
Swanbourne - Mount Claremont	213720
Kings Park (WA)	253448
Mount Hawthorn - Leederville	175084
Mount Lawley - Inglewood	162084
North Perth	164892
Subiaco - Shenton Park	168428
Wembley - West Leederville - Glendalough	145704
East Perth	133744
Perth (North) - Highgate	135720
Perth (West) - Northbridge	131820
Bassendean - Eden Hill - Ashfield	118456
Bayswater - Embleton - Bedford	134420
Maylands	124072
Morley	98904
Noranda	105924
Chidlow	117104
Glen Forrest - Darlington	137176
Helena Valley - Koongamia	121524
Malmalling - Reservoir	71448
Mundaring	119132
Swan View - Greenmount - Midvale	98904
Avon Valley National Park	103948
Ballajura	99528
Beechboro	102648
Bullsbrook	109460
Gidgegannup	132652
Hazelmere - Guildford	126880
Lockridge - Kiara	109512
Malaga	364000
Melaleuca - Lexia	117000
Middle Swan - Herne Hill	99684
Midland - Guildford	93600
Stratton - Jane Brook	108888
The Vines	125060
Walyunga National Park	
Aveley	119392
Brabham - Henley Brook	117520
Ellenbrook	107328
Craigie - Beldon	112424
Currambine - Kinross	126724
Duncraig	146484
Greenwood - Warwick	119184
Heathridge - Connolly	117728
Hillarys	149604
Iluka - Burns Beach	175084
Joondalup - Edgewater	115180
Kingsley	124852
Mullaloo - Kallaroo	139412
Ocean Reef	143468
Padbury	124280
Sorrento - Marmion	158340
Woodvale	137956
Balcatta - Hamersley	109252
Balga - Mirrabooka	75972
Herdsman	
Innaloo - Doubleview	142428
Karrinyup - Gwelup - Carine	156312
Nollamara - Westminster	91208
Osborne Park Industrial	112632
Scarborough	145080
Stirling - Osborne Park	120588
Trigg - North Beach - Watermans Bay	161824
Tuart Hill - Joondanna	115440
Wembley Downs - Churchlands - Woodlands	163124
Yokine - Coolbinia - Menora	127920
Dianella - North	122148
Dianella - South	111696
Alexander Heights - Koondoola	87516
Butler - Merriwa - Ridgewood	96096
Carramar	117728
Clarkson	104572
Girrawheen	73944
Marangaroo	91676
Mindarie - Quinns Rocks - Jindalee	135044
Neerabup National Park	46800
Tapping - Ashby - Sinagra	125216
Alkimos - Eglinton	115232
Carabooda - Pinjar	117468
Two Rocks	96824
Yanchep	103324
Hocking - Pearsall	120744
Landsdale	130572
Madeley - Darch	126880
Wanneroo - Sinagra	107380
Armadale - Wungong - Brookdale	83200
Ashendon - Lesley	
Camillo - Champion Lakes	82784
Kelmscott	88400
Mount Nasura - Mount Richon - Bedfordale	114868
Roleystone	125788
Seville Grove	98020
Harrisdale	129532
Piara Waters - Forrestdale	131144
Belmont - Ascot - Redcliffe	111488
East Victoria Park - Carlisle	133120
Kewdale Commercial	
Perth Airport	
Victoria Park - Lathlain - Burswood	128128
Cloverdale	98644
Kewdale	101608
Rivervale	116792
Bentley - Wilson - St James	102076
Canning Vale - West	126100
Canning Vale Commercial	
Cannington - Queens Park	98176
Parkwood - Ferndale - Lynwood	98748
Riverton - Shelley - Rossmoyne	127036
Welshpool	364000
Willetton	123708
Beckenham - Kenwick - Langford	91312
Canning Vale - East	122512
Gosnells	80600
Huntingdale - Southern River	117312
Maddington - Orange Grove - Martin	87828
Thornlie	94900
Forrestfield - Wattle Grove	111332
High Wycombe	109824
Kalamunda - Maida Vale - Gooseberry Hill	119704
Lesmurdie - Bickley - Carmel	124800
Byford	115284
Mundijong	121576
Serpentine - Jarrahdale	116064
Como	132912
Manning - Waterford	141440
South Perth - Kensington	156364
Banjup	139204
Bibra Industrial	143000
Bibra Lake	
Coogee	130520
Coolbellup	110396
Hamilton Hill	96928
Henderson	221000
North Coogee	169780
South Lake - Cockburn Central	108628
Spearwood	100724
Success - Hammond Park	130104
Yangebup	116116
Beeliar - Wattleup	124800
Jandakot	129636
East Fremantle	165256
Fremantle	146744
Fremantle - South	124124
O'Connor (WA)	
Wellard (West) - Bertram	114764
Calista	79092
Hope Valley - Postans	97500
Kwinana Industrial	46800
Parmelia - Orelia	80236
Casuarina - Wandi	125684
Applecross - Ardross	164736
Bateman	136760
Bicton - Palmyra	139204
Booragoon	145236
Bull Creek	123656
Leeming	135356
Melville	157404
Murdoch - Kardinya	113932
Willagee	124436
Winthrop	125060
Cooloongup	76960
Port Kennedy	109824
Rockingham	85540
Rockingham Lakes	23400
Safety Bay - Shoalwater	95992
Singleton - Golden Bay - Secret Harbour	128440
Waikiki	100672
Warnbro	92768
Baldivis - North	113984
Baldivis - South	121524
Karnup	113984
Albany	90636
Albany Surrounds	98748
Bayonet Head - Lower King	88868
Denmark	77532
Gnowangerup	102960
Katanning	85748
Kojonup	98280
Little Grove - Elleker	94900
McKail - Willyung	89700
Plantagenet	77532
Stirling Range National Park	
Chittering	117416
Cunderdin	91416
Dowerin	88348
Gingin - Dandaragan	86008
Merredin	96460
Moora	106652
Mukinbudin	86892
Northam	84812
Toodyay	82108
York - Beverley	77116
Brookton	87256
Kulin	101244
Murray	107848
Narrogin	93704
Wagin	94328
Broome	136396
Derby - West Kimberley	53872
Halls Creek	40820
Kununurra	108264
Roebuck	52884
East Pilbara	39104
Newman	174668
Port Hedland	204880
South Hedland	157248
Ashburton (WA)	172120
Karratha	181844
Roebourne	170820
Esperance	104884
Esperance Surrounds	104208
Carnarvon	98696
Exmouth	109564
Boulder	123500
Kalgoorlie	152048
Kalgoorlie - North	157508
Kalgoorlie Airport	
Kambalda - Coolgardie - Norseman	114348
Leinster - Leonora	62660
Trafalgar (WA)	
Geraldton	85176
Geraldton - East	98644
Geraldton - North	114348
Geraldton - South	118248
Irwin	83096
Meekatharra	70252
Morawa	87568
Northampton - Mullewa - Greenough	85228
Migratory - Offshore - Shipping (WA)	71500
No usual address (WA)	
Bridgewater - Gagebrook	59020
Brighton - Pontville	98124
Old Beach - Otago	110500
Bellerive - Rosny	105404
Cambridge	127140
Geilston Bay - Risdon	112528
Howrah - Tranmere	114088
Lindisfarne - Rose Bay	104208
Mornington - Warrane	80028
Risdon Vale	68536
Rokeby	80184
South Arm	114140
Austins Ferry - Granton	105924
Berriedale - Chigwell	81692
Claremont (Tas.)	82732
Derwent Park - Lutana	78884
Glenorchy	74828
Montrose - Rosetta	91572
Moonah	91988
New Norfolk	76128
West Moonah	89180
Kingston - Huntingfield	99216
Kingston Beach - Blackmans Bay	111644
Margate - Snug	110344
Mount Wellington	
Taroona - Bonnet Hill	124904
Hobart	115544
Lenah Valley - Mount Stuart	122512
Mount Nelson - Dynnyrne	120432
New Town	108628
Sandy Bay	125684
South Hobart - Fern Tree	119288
West Hobart	129636
Dodges Ferry - Lewisham	88088
Sorell - Richmond	91728
Invermay	77532
Kings Meadows - Punchbowl	88556
Launceston	113672
Legana	101660
Mowbray	70460
Newnham - Mayfield	69264
Newstead	110084
Norwood (Tas.)	97916
Prospect Vale - Blackstone	97188
Ravenswood	57408
Riverside	101244
South Launceston	97708
Summerhill - Prospect	92196
Trevallyn	109772
Waverley - St Leonards	84292
West Launceston	105820
Youngtown - Relbia	95784
Beauty Point - Beaconsfield	63544
Deloraine	74152
Grindelwald - Lanena	86112
Hadspen - Carrick	102232
Westbury	77636
Dilston - Lilydale	95420
George Town	66352
Longford	79456
Northern Midlands	74100
Perth - Evandale	93236
St Helens - Scamander	58760
Flinders and Cape Barren Islands	80184
Scottsdale - Bridport	70668
Central Highlands	72956
Derwent Valley	85228
Southern Midlands	83252
Wilderness - East	
Bruny Island - Kettering	80912
Cygnet	69212
Geeveston - Dover	71500
Huonville - Franklin	89648
Forestier - Tasman	61048
Triabunna - Bicheno	67080
Acton - Upper Burnie	72540
Burnie - Ulverstone Surrounds	89960
Burnie - Wivenhoe	73996
Parklands - Camdale	91624
Penguin - Sulphur Creek	90220
Romaine - Havenview	84708
Somerset	76076
Ulverstone	75400
West Ulverstone	70460
Wynyard	77844
Devonport	75660
East Devonport	66612
Latrobe	77220
Miandetta - Don	93756
Port Sorell	81068
Quoiba - Spreyton	92768
Sheffield - Railton	76648
Turners Beach - Forth	99736
King Island	89388
North West	87152
Smithton	80808
Waratah	82940
West Coast (Tas.)	73112
Wilderness - West	
Migratory - Offshore - Shipping (Tas.)	
No usual address (Tas.)	
Darwin Airport	
Darwin City	124956
East Point	
Fannie Bay - The Gardens	142376
Larrakeyah	140140
Ludmilla - The Narrows	119912
Parap	140244
Stuart Park	139464
Woolner - Bayview - Winnellie	165620
Alawa	113672
Anula	129584
Berrimah	128336
Brinkin - Nakara	131404
Buffalo Creek	
Charles Darwin	
Coconut Grove	106080
East Arm	94848
Jingili	128648
Karama	105092
Leanyer	128388
Lyons (NT)	155012
Malak - Marrara	113360
Millner	106860
Moil	114244
Nightcliff	126360
Rapid Creek	136708
Tiwi	123292
Wagaman	109980
Wanguri	137124
Wulagi	127192
Howard Springs	140868
Humpty Doo	146432
Koolpinyah	37700
Virginia	136396
Weddell	123656
Bakewell	114660
Driver	113516
Durack - Marlow Lagoon	146328
Gray	101920
Moulden	99788
Palmerston - North	138528
Palmerston - South	142220
Rosebery - Bellamack	135980
Woodroffe	118352
Charles	123292
East Side	124696
Flynn (NT)	121888
Larapinta	134940
Mount Johns	145236
Petermann - Simpson	83356
Ross	124852
Sandover - Plenty	41496
Tanami	36764
Yuendumu - Anmatjere	35672
Barkly	43992
Tennant Creek	74516
Alligator	75972
Daly	43212
Thamarrurr	23660
Tiwi Islands	28652
West Arnhem	36660
Anindilyakwa	46800
East Arnhem	42068
Nhulunbuy	165568
Elsey	43316
Gulf	37856
Katherine	122148
Victoria River	33124
Migratory - Offshore - Shipping (NT)	
No usual address (NT)	
Aranda	183716
Belconnen	105768
Bruce	140036
Charnwood	115336
Cook	158808
Dunlop	143832
Evatt	141908
Florey	127556
Flynn (ACT)	155844
Fraser	149344
Giralang	146432
Gooromon	364000
Hawker	146952
Higgins	135928
Holt	126932
Kaleen	140140
Latham	129740
Lawson	143156
Macgregor (ACT)	136500
Macquarie	131560
McKellar	158652
Melba	143884
Page	120016
Scullin	126100
Spence	142844
Weetangera	193960
Molonglo Corridor	247000
Macnamara	
Strathnairn	141804
West Belconnen	233948
Hume	117000
Kowen	194948
Canberra East	85280
Canberra Airport	136500
Majura	165724
Amaroo	160628
Bonner	148096
Casey	154284
Crace	168220
Forde	193960
Franklin	131248
Gungahlin	124540
Hall	166816
Harrison	149656
Mitchell	
Ngunnawal	128908
Nicholls	178308
Palmerston	139672
Gungahlin - East	
Gungahlin - West	
Jacka	123240
Kenny	129948
Moncrieff	142220
Taylor	131404
Throsby	164320
Acton	
Ainslie	186056
Braddon	157508
Civic	150540
Dickson	150540
Downer	149864
Hackett	184860
Lyneham	142012
O'Connor (ACT)	180076
Turner	166348
Watson	159432
Black Mountain	
Campbell	206388
Duntroon	169000
Parkes (ACT) - North	
Reid	171652
Russell	
Deakin	218972
Forrest	235664
Griffith (ACT)	189748
Lake Burley Griffin	
Narrabundah	167596
Parkes (ACT) - South	
Red Hill (ACT)	242684
Yarralumla	234312
Barton	183248
Fyshwick	116948
Kingston (ACT)	184964
Banks	142532
Bonython	133224
Calwell	147784
Chisholm	133640
Conder	151164
Fadden	184964
Gilmore	141700
Gordon (ACT)	142584
Gowrie (ACT)	151216
Greenway	121732
Isabella Plains	130104
Kambah	136760
Macarthur	168064
Monash	139464
Mount Taylor	
Oxley (ACT)	143208
Richardson	121004
Theodore	149760
Tuggeranong	143000
Wanniassa	140400
Tuggeranong - West	110448
Chapman	181480
Duffy	161148
Fisher	158964
Holder	151580
Rivett	143780
Stirling	143468
Waramanga	151840
Weston	160264
Scrivener	195000
Chifley	152880
Curtin	190996
Farrer	167752
Garran	182676
Hughes	190788
Isaacs	163696
Lyons (ACT)	136708
Mawson	137956
O'Malley	237484
Pearce	171704
Phillip	128596
Torrens	172744
Arboretum	
Coombs	151476
Denman Prospect	187512
Molonglo	
Wright	163800
Molonglo - East	
Whitlam	46800
ACT - South West	161668
Namadgi	139724
Migratory - Offshore - Shipping (ACT)	
No usual address (ACT)	
Christmas Island	138268
Cocos (Keeling) Islands	87256
Jervis Bay	87724
Norfolk Island	84760
Migratory - Offshore - Shipping (OT)	
No usual address (OT)	
