SA2_NAME16	medianRent
Braidwood	17160
Karabar	18200
Queanbeyan	17160
Queanbeyan - East	16120
Queanbeyan West - Jerrabomberra	22360
Googong	27612
Queanbeyan Surrounds	24180
Bombala	10400
Cooma	15080
Cooma Surrounds	15080
Jindabyne - Berridale	19760
Batemans Bay	17160
Batemans Bay - South	18200
Bega - Tathra	16640
Bega-Eden Hinterland	13780
Broulee - Tomakin	18720
Deua - Wadbilliga	
Eden	14040
Eurobodalla Hinterland	15600
Merimbula - Tura Beach	17680
Moruya - Tuross Head	16120
Narooma - Bermagui	15080
Goulburn	16640
Goulburn Surrounds	15600
Yass	17680
Yass Surrounds	20800
Young	13000
Young Surrounds	11440
Avoca Beach - Copacabana	27040
Box Head - MacMasters Beach	23400
Calga - Kulnura	18200
Erina - Green Point	21320
Gosford - Springfield	20280
Kariong	23400
Kincumber - Picketts Valley	20800
Narara	21840
Niagara Park - Lisarow	22100
Point Clare - Koolewong	20800
Saratoga - Davistown	23920
Terrigal - North Avoca	27040
Umina - Booker Bay - Patonga	20800
Wamberal - Forresters Beach	26000
Woy Woy - Blackwall	19760
Wyoming	20800
Bateau Bay - Killarney Vale	20800
Blue Haven - San Remo	20800
Budgewoi - Buff Point - Halekulani	18720
Chittaway Bay - Tumbi Umbi	22100
Gorokan - Kanwal - Charmhaven	18720
Jilliby - Yarramalong	22880
Lake Munmorah - Mannering Park	19760
Ourimbah - Fountaindale	20800
Summerland Point - Gwandalan	20540
The Entrance	18980
Toukley - Norah Head	18200
Tuggerah - Kangy Angy	22100
Warnervale - Wadalba	25740
Wyong	18720
Bathurst - East	18720
Bathurst Surrounds	14196
Oberon	14560
Bathurst - South	15340
Bathurst - West	18200
Condobolin	9360
Cowra	11960
Cowra Surrounds	10920
Forbes	11960
Grenfell	10296
Parkes (NSW)	13520
Parkes Surrounds	9360
West Wyalong	10400
Lithgow	14040
Lithgow Surrounds	14040
Mudgee	18876
Mudgee Surrounds - East	11960
Mudgee Surrounds - West	14560
Wollangambe - Wollemi	
Blayney	14040
Orange	15600
Orange - North	19500
Orange Surrounds	13520
Grafton	15600
Grafton Surrounds	15600
Maclean - Yamba - Iluka	18720
Bellingen	19240
Coffs Harbour - North	18460
Coffs Harbour - South	18720
Coramba - Nana Glen - Bucca	18980
Dorrigo	14560
Korora - Emerald Beach	23816
Sawtell - Boambee	19240
Urunga	18200
Woolgoolga - Arrawarra	19760
Bourke - Brewarrina	8320
Cobar	9880
Coonamble	9880
Nyngan - Warren	10400
Walgett - Lightning Ridge	9308
Broken Hill	11440
Far West	7800
Coonabarabran	10400
Dubbo - East	15340
Dubbo - South	16640
Dubbo - West	16640
Dubbo Surrounds	13780
Gilgandra	10400
Narromine	12480
Wellington	11960
Branxton - Greta - Pokolbin	20800
Cessnock	16640
Cessnock Surrounds	18720
Dungog	15600
Kurri Kurri - Abermain	17940
Singleton	17160
Singleton Surrounds	18720
Maitland	20280
Maitland - North	21840
East Maitland - Metford	18200
Rutherford (North) - Aberglasslyn	20800
Rutherford (South) - Telarah	17160
Tenambit - East Maitland	18720
Thornton - Millers Forest	21840
Anna Bay	20800
Lemon Tree Passage - Tanilba Bay	18980
Nelson Bay Peninsula	20280
Raymond Terrace	16640
Seaham - Woodville	19760
Tea Gardens - Hawks Nest	18200
Williamtown - Medowie - Karuah	20800
Muswellbrook	16120
Muswellbrook Surrounds	14560
Scone	15080
Scone Surrounds	13000
Dapto - Avondale	20280
Horsley - Kembla Grange	26000
Port Kembla Industrial	
Unanderra - Mount Kembla	18460
Berkeley - Lake Heights - Cringila	18200
Port Kembla - Warrawong	15600
Windang - Primbee	17940
Illawarra Catchment Reserve	14040
Albion Park - Macquarie Pass	24960
Albion Park Rail	20280
Kiama	24960
Kiama Downs - Minnamurra	25480
Kiama Hinterland - Gerringong	26000
Shellharbour - Flinders	26520
Shellharbour - Oak Flats	22100
Warilla	18200
Balgownie - Fairy Meadow	19760
Corrimal - Tarrawanna - Bellambi	17160
Figtree - Keiraville	21320
Helensburgh	27560
Thirroul - Austinmer - Coalcliff	28600
Woonona - Bulli - Russell Vale	20280
Wollongong - East	21320
Wollongong - West	19760
Bulahdelah - Stroud	15600
Forster	17680
Forster-Tuncurry Surrounds	18200
Tuncurry	16120
Kempsey	14820
Kempsey Surrounds	15600
Macksville - Scotts Head	17160
Nambucca Heads	14820
Nambucca Heads Surrounds	15600
South West Rocks	17160
Lord Howe Island	16120
Laurieton - Bonny Hills	18408
Port Macquarie - West	20020
Port Macquarie Surrounds	15600
Wauchope	18720
Port Macquarie - East	18200
Port Macquarie - South	21840
Gloucester	14300
Old Bar - Manning Point - Red Head	18720
Taree	15080
Taree Surrounds	16120
Wingham	15912
Albury - East	16640
Albury - North	13936
Albury - South	13000
Albury Surrounds	11544
Lavington	13000
Hay	9100
Wentworth - Buronga	10400
Wentworth-Balranald Region	10400
Corowa	11960
Corowa Surrounds	13780
Deniliquin	11960
Deniliquin Surrounds	8840
Moama	16744
Tocumwal - Finley - Jerilderie	10400
Armidale	15080
Armidale Surrounds - North	13000
Armidale Surrounds - South	13000
Walcha	10400
Glen Innes	11440
Inverell	14040
Inverell Surrounds - East	10400
Inverell Surrounds - West	10920
Tenterfield	12480
Moree	11960
Moree Surrounds	9100
Narrabri	13520
Narrabri Surrounds	10400
Gunnedah	15600
Gunnedah Surrounds	14300
Quirindi	11960
Tamworth - East	15600
Tamworth - North	16640
Tamworth - West	15080
Tamworth Surrounds	14300
Belmont - Bennetts Green	18720
Belmont South - Blacksmiths	17160
Charlestown - Dudley	20280
Glendale - Cardiff - Hillsborough	19760
Mount Hutton - Windale	13260
Redhead	21840
Swansea - Caves Beach	18720
Valentine - Eleebana	25480
Warners Bay - Boolaroo	21320
Bolton Point - Teralba	17316
Bonnells Bay - Silverwater	20800
Edgeworth - Cameron Park	23400
Morisset - Cooranbong	19760
Toronto - Awaba	17680
Wangi Wangi - Rathmines	19240
West Wallsend - Barnsley - Killingworth	20280
Adamstown - Kotara	21320
Beresfield - Hexham	17680
Hamilton - Broadmeadow	19760
Lambton - New Lambton	20280
Maryland - Fletcher - Minmi	24440
Mayfield - Warabrook	19760
Merewether - The Junction	21840
Newcastle - Cooks Hill	23140
Newcastle Port - Kooragang	28600
Shortland - Jesmond	18980
Stockton - Fullerton Cove	22360
Wallsend - Elermore Vale	19760
Waratah - North Lambton	19760
Wickham - Carrington - Tighes Hill	23400
Ballina	20280
Ballina Surrounds	21320
Bangalow	28600
Brunswick Heads - Ocean Shores	25896
Byron Bay	32240
Evans Head	16640
Lennox Head - Skennars Head	30160
Mullumbimby	23400
Casino	14560
Casino Surrounds	13000
Goonellabah	16640
Kyogle	14040
Lismore	15600
Lismore Surrounds	17368
Kingscliff - Fingal Head	25116
Murwillumbah	18200
Murwillumbah Surrounds	18200
Pottsville	24336
Tweed Heads	20280
Banora Point	22880
Terranora - North Tumbulgum	27976
Tweed Heads South	20280
Griffith (NSW)	15600
Griffith Surrounds	11440
Leeton	13000
Narrandera	10400
Tumbarumba	10816
Tumut	12740
Tumut Surrounds	10400
Cootamundra	11388
Gundagai	11440
Junee	13520
Temora	11440
Wagga Wagga - East	15600
Wagga Wagga - North	19760
Wagga Wagga - South	15600
Wagga Wagga - West	14040
Wagga Wagga Surrounds	14560
Berry - Kangaroo Valley	20800
Callala Bay - Currarong	19760
Culburra Beach	17212
Ettrema - Sassafras - Budawang	
Huskisson - Vincentia	20800
North Nowra - Bomaderry	17992
Nowra	17160
St Georges Basin - Erowal Bay	18720
Sussex Inlet - Berrara	16120
Tomerong - Wandandian - Woollamia	17420
Ulladulla	18252
Ulladulla Surrounds	17160
Bowral	26000
Hill Top - Colo Vale	22360
Mittagong	22620
Moss Vale - Berrima	20800
Robertson - Fitzroy Falls	22880
Southern Highlands	20800
Baulkham Hills - East	26520
Baulkham Hills (West) - Bella Vista	31720
Glenhaven	33800
West Pennant Hills	36400
Castle Hill - Central	28600
Castle Hill - East	28444
Castle Hill - North	31200
Castle Hill - South	28600
Castle Hill - West	35984
Cherrybrook	36140
Kellyville - East	33800
Kellyville - West	31200
Dural - Kenthurst - Wisemans Ferry	28600
Galston - Laughtondale	23920
Bilpin - Colo - St Albans	16640
Kurrajong Heights - Ebenezer	22880
Pitt Town - McGraths Hill	26000
Box Hill - Nelson	30940
North Kellyville	31200
Rouse Hill - Beaumont Hills	31720
Blacktown (East) - Kings Park	19760
Blacktown (North) - Marayong	20800
Doonside - Woodcroft	19760
Lalor Park - Kings Langley	19760
Blacktown - South	20800
Blacktown - West	21320
Seven Hills - Prospect	21840
Toongabbie - West	21840
Glenwood	30680
Acacia Gardens	28080
Quakers Hill	23920
Kellyville Ridge - The Ponds	31200
Marsden Park - Shanes Park	29640
Riverstone	25480
Schofields (West) - Colebee	30160
Schofields - East	28600
Stanhope Gardens - Parklea	30160
Bidwill - Hebersham - Emerton	15600
Glendenning - Dean Park	21840
Hassall Grove - Plumpton	21840
Lethbridge Park - Tregear	16640
Mount Druitt - Whalan	17940
Prospect Reservoir	27560
Rooty Hill - Minchinbury	21840
Banksmeadow	32240
Botany	28600
Pagewood - Hillsdale - Daceyville	25740
Port Botany Industrial	62400
Sydney Airport	
Eastlakes	20020
Mascot	31200
Petersham - Stanmore	24440
Sydenham - Tempe - St Peters	32760
Marrickville - North	28600
Marrickville - South	23400
Darlinghurst	28600
Erskineville - Alexandria	30732
Glebe - Forest Lodge	26260
Potts Point - Woolloomooloo	25480
Surry Hills	28600
Camperdown - Darlington	31200
Chippendale	27040
Newtown (NSW)	28600
Pyrmont	30160
Redfern	26000
Rosebery - Beaconsfield	31200
Sydney (North) - Millers Point	33280
Sydney (South) - Haymarket	32240
Ultimo	26000
Waterloo	27560
Zetland	31200
Bondi - Tamarama - Bronte	35100
Bondi Beach - North Bondi	35828
Bondi Junction - Waverly	33904
Centennial Park	
Dover Heights	33800
Paddington - Moore Park	30680
Rose Bay - Vaucluse - Watsons Bay	37076
Woollahra	35100
Bellevue Hill	34320
Double Bay - Darling Point	37440
Kensington (NSW)	26000
Kingsford	24700
Maroubra - North	31200
Maroubra - South	25480
Maroubra - West	28600
Randwick - North	29640
Randwick - South	29900
Coogee - Clovelly	33800
Malabar - La Perouse	27820
Matraville - Chifley	24700
South Coogee	10764
Bass Hill - Georges Hall	20800
Chullora	26000
Condell Park	26000
Padstow	24440
Revesby	23920
Yagoona - Birrong	20800
Bankstown - North	20800
Bankstown - South	21580
Greenacre - North	20800
Greenacre - South	23400
Panania (North) - Milperra	24960
Panania (South) - Picnic Point	24960
Belmore - Belfield	20540
Punchbowl	19760
Roselands	22100
Lakemba	18200
Wiley Park	18200
Campsie - North	20800
Campsie - South	19760
Canterbury - South	23400
Earlwood	29640
Kingsgrove - North	23400
Narwee - Beverly Hills	20800
Oatley - Hurstville Grove	25480
Peakhurst - Lugarno	23400
Riverwood	15600
South Hurstville - Blakehurst	25480
Hurstville - Central	23920
Hurstville - North	25480
Mortdale - Oatley	21840
Penshurst	20800
Kingsgrove (South) - Bardwell Park	26000
Kogarah	24128
Kogarah Bay - Carlton - Allawah	23400
Monterey - Brighton-le-Sands - Kyeemagh	23400
Rockdale - Banksia	23920
Sans Souci - Ramsgate	26000
Arncliffe - Bardwell Valley	26000
Bexley - North	27040
Bexley - South	21840
Wolli Creek	28080
Concord - Mortlake - Cabarita	31200
Drummoyne - Rodd Point	31200
Five Dock - Abbotsford	29952
Concord West - North Strathfield	26000
Rhodes	29120
Balmain	33280
Lilyfield - Rozelle	31200
Annandale (NSW)	29640
Leichhardt	31200
Canterbury (North) - Ashbury	24960
Croydon Park - Enfield	22360
Dulwich Hill - Lewisham	24960
Haberfield - Summer Hill	24440
Homebush	23400
Strathfield South	23920
Ashfield - North	21840
Ashfield - South	24440
Burwood (NSW)	26000
Croydon	23920
Strathfield - East	24960
Strathfield - West	27560
Chatswood (West) - Lane Cove North	26000
St Leonards - Naremburn	31200
Artarmon	27300
Castle Cove - Northbridge	44200
Chatswood - East	30680
Greenwich - Riverview	31200
Lane Cove	28600
Willoughby	30992
Asquith - Mount Colah	26000
Berowra - Brooklyn - Cowan	29120
Normanhurst - Thornleigh - Westleigh	28600
Hornsby - East	22880
Hornsby - West	23400
Wahroonga (West) - Waitara	25480
Gordon - Killara	31200
Lindfield - Roseville	32240
Pymble	33800
St Ives	36400
Turramurra	31720
Wahroonga (East) - Warrawee	33800
Cremorne - Cammeray	31200
Crows Nest - Waverton	29900
Neutral Bay - Kirribilli	28132
North Sydney - Lavender Bay	31200
Mosman - North	31200
Mosman - South	30160
Balgowlah - Clontarf - Seaforth	36244
Manly - Fairlight	37700
Avalon - Palm Beach	38740
Bayview - Elanora Heights	38740
Newport - Bilgola	32656
Mona Vale - Warriewood (North)	34320
North Narrabeen - Warriewood (South)	36920
Beacon Hill - Narraweena	28600
Cromer	33800
Forestville - Killarney Heights	37440
Freshwater - Brookvale	31200
Manly Vale - Allambie Heights	28600
Terrey Hills - Duffys Forest	31720
Belrose	46020
Collaroy - Collaroy Plateau	31200
Dee Why (South) - North Curl Curl	29796
Dee Why - North	28600
Frenchs Forest - Oxford Falls	43056
Narrabeen - Wheeler Heights	30160
Camden - Ellis Lane	21840
Currans Hill	23920
Elderslie - Narellan	23400
Harrington Park	28600
Mount Annan	24440
Spring Farm	26520
Bradbury - Wedderburn	19240
Campbelltown - Woodbine	20280
Claymore - Eagle Vale - Raby	19500
Holsworthy Military Area	17160
Leumeah - Minto Heights	18720
Minto - St Andrews	19240
Rosemeadow - Glen Alpine	19240
Denham Court - Bardia	28600
Glenfield	21840
Ingleburn	19760
Macquarie Fields	17680
Bargo	21580
Douglas Park - Appin	25480
Picton - Tahmoor - Buxton	20800
The Oaks - Oakdale	21320
Blackheath - Megalong Valley	19760
Blaxland - Warrimoo - Lapstone	22880
Blue Mountains - North	
Katoomba - Leura	19760
Lawson - Hazelbrook - Linden	20800
Springwood - Winmalee	21840
Wentworth Falls	22360
Blue Mountains - South	7800
Cambridge Park	20800
Emu Plains - Leonay	22724
Glenmore Park - Regentville	24180
Jamisontown - South Penrith	20800
Kingswood - Werrington	19240
Mulgoa - Luddenham - Orchard Hills	27560
Penrith	19760
Warragamba - Silverdale	21632
Cranebrook - Castlereagh	21320
Jordan Springs - Llandilo	27560
Richmond - Clarendon	20800
Windsor - Bligh Park	20280
Yarramundi - Londonderry	24440
Erskine Park	23400
St Clair	22880
Colyton - Oxley Park	20280
St Marys - North St Marys	18720
Rookwood Cemetery	12636
Auburn - Central	23400
Auburn - North	19760
Auburn - South	22620
Berala	19760
Lidcombe	24960
Regents Park	19500
Silverwater - Newington	27040
Wentworth Point - Sydney Olympic Park	26520
Ermington - Rydalmere	22360
Oatlands - Dundas Valley	21840
Carlingford - East	27040
Carlingford - West	25480
Chester Hill - Sefton	20800
Fairfield - East	15600
Granville - Clyde	21840
Guildford - South Granville	18720
Guildford West - Merrylands West	20800
Smithfield Industrial	7800
Yennora Industrial	24024
Greystanes - South	24960
Merrylands - Holroyd	20800
Pemulwuy - Greystanes (North)	26000
South Wentworthville	23920
North Parramatta	21320
North Rocks	28600
Northmead	21840
Toongabbie - Constitution Hill	22776
Winston Hills	27560
Pendle Hill - Girraween	21840
Wentworthville - Westmead	21840
Parramatta - North	23400
Parramatta - South	20800
Rosehill - Harris Park	19500
Pennant Hills - Cheltenham	27560
Epping (East) - North Epping	26000
Epping (NSW) - West	26000
Gladesville - Huntleys Point	23920
Hunters Hill - Woolwich	28080
Macquarie Park - Marsfield	24440
North Ryde - East Ryde	27092
West Ryde - Meadowbank	21840
Putney	36400
Denistone	31200
Eastwood	23400
Ryde - North	22360
Ryde - South	26000
Ashcroft - Busby - Miller	13832
Austral - Greendale	26000
Badgerys Creek	9464
Cecil Hills	28600
Green Valley	23400
Hinchinbrook	24960
Hoxton Park - Carnes Hill - Horningsea Park	26000
West Hoxton - Middleton Grange	27300
Cobbitty - Bringelly	27560
Gledswood Hills - Gregory Hills	27560
Leppington - Catherine Field	28600
Oran Park	27560
Bonnyrigg Heights - Bonnyrigg	20800
Bossley Park - Abbotsbury	24440
Cabramatta - Lansvale	17160
Cabramatta West - Mount Pritchard	19760
Canley Vale - Canley Heights	18720
Edensor Park	23400
Fairfield	19084
Fairfield - West	23400
Greenfield Park - Prairiewood	23400
Horsley Park - Kemps Creek	22880
Smithfield - Wetherill Park	21840
St Johns Park - Wakeley	23400
Wetherill Park Industrial	20800
Casula	23400
Chipping Norton - Moorebank	26000
Holsworthy - Wattle Grove	25740
Lurnea - Cartwright	18200
Warwick Farm	16640
Edmondson Park	28600
Liverpool - East	19760
Liverpool - West	18720
Prestons	27040
Gymea - Grays Point	27560
Miranda - Yowie Bay	25480
Sylvania - Taren Point	28600
Caringbah	24440
Caringbah South	37960
Cronulla - Kurnell - Bundeena	26000
Lilli Pilli - Port Hacking - Dolans Bay	43316
Woolooware - Burraneer	28600
Heathcote - Waterfall	27040
Illawong - Alfords Point	35360
Menai - Lucas Heights - Woronora	30160
Oyster Bay - Como - Jannali	26000
Royal National Park	20280
Sutherland - Kirrawee	23920
Engadine	26000
Loftus - Yarrawarrah	28600
Woronora Heights	38376
Migratory - Offshore - Shipping (NSW)	
No usual address (NSW)	
Alfredton	19240
Ballarat	16276
Buninyong	17160
Delacombe	18720
Smythes Creek	18200
Wendouree - Miners Rest	13520
Ballarat East - Warrenheip	14976
Ballarat North - Invermay	15600
Canadian - Mount Clear	15340
Sebastopol - Redan	13520
Bacchus Marsh Surrounds	17160
Creswick - Clunes	13000
Daylesford	17160
Gordon (Vic.)	14040
Avoca	10400
Beaufort	11336
Golden Plains - North	13000
Maryborough (Vic.)	12480
Maryborough Surrounds	10400
Bendigo	14560
California Gully - Eaglehawk	14560
East Bendigo - Kennington	15340
Flora Hill - Spring Gully	15080
Kangaroo Flat - Golden Square	15080
Maiden Gully	19760
Strathfieldsaye	20800
White Hills - Ascot	17160
Bendigo Surrounds - South	16640
Castlemaine	16120
Castlemaine Surrounds	14560
Heathcote	13520
Kyneton	18252
Woodend	20384
Bendigo Surrounds - North	11960
Loddon	8840
Bannockburn	20072
Golden Plains - South	16016
Winchelsea	15600
Belmont	18200
Geelong	17680
Geelong West - Hamlyn Heights	17420
Highton	18980
Lara	19240
Leopold	19500
Newcomb - Moolap	15600
Newtown (Vic.)	18720
North Geelong - Bell Park	17680
Charlemont	21840
Corio - Lovely Banks	14560
Grovedale - Mount Duneed	20280
Norlane	13208
Clifton Springs	19760
Lorne - Anglesea	20280
Portarlington	17680
Point Lonsdale - Queenscliff	20800
Torquay	26000
Barwon Heads - Armstrong Creek	21840
Ocean Grove	21840
Alexandra	13000
Euroa	13000
Kilmore - Broadford	17160
Mansfield (Vic.)	16640
Nagambie	14820
Seymour	13000
Seymour Surrounds	13780
Upper Yarra Valley	13520
Yea	15600
Benalla	13000
Benalla Surrounds	11440
Rutherglen	12636
Wangaratta	13520
Wangaratta Surrounds	13000
Beechworth	15600
Bright - Mount Beauty	15496
Chiltern - Indigo Valley	13520
Myrtleford	13000
Towong	10920
West Wodonga	15080
Yackandandah	14560
Baranduda - Leneva	20020
Wodonga	13520
Drouin	17160
Mount Baw Baw Region	13000
Trafalgar (Vic.)	15600
Warragul	16640
Alps - East	
Bairnsdale	14560
Bruthen - Omeo	13000
Lake King	
Lakes Entrance	14040
Orbost	9880
Paynesville	16120
Foster	13000
French Island	17992
Korumburra	14560
Leongatha	14040
Phillip Island	17160
Wilsons Promontory	5200
Wonthaggi - Inverloch	15496
Churchill	11960
Moe - Newborough	10920
Morwell	11180
Yallourn North - Glengarry	13000
Traralgon - East	13000
Traralgon - West	15600
Alps - West	1040
Longford - Loch Sport	10400
Maffra	13000
Rosedale	12272
Sale	14560
Yarram	12480
Brunswick East	21892
Brunswick West	18980
Pascoe Vale South	21892
Brunswick - North	22412
Brunswick - South	23400
Coburg - East	21632
Coburg - West	23400
Alphington - Fairfield	19812
Thornbury	20592
Northcote - East	23972
Northcote - West	25480
Ascot Vale	19240
Flemington	16848
Moonee Ponds	20800
Essendon (West) - Aberfeldie	19864
Essendon - East	19292
Carlton	18980
Docklands	21372
East Melbourne	24960
Flemington Racecourse	20852
Kensington (Vic.)	21632
Parkville	20592
South Yarra - West	23764
West Melbourne - Industrial	
Melbourne CBD - East	19500
Melbourne CBD - North	18772
Melbourne CBD - West	19552
North Melbourne	19812
Royal Botanic Gardens Victoria	
Southbank (West) - South Wharf	22360
Southbank - East	21216
West Melbourne - Residential	20280
Albert Park	25636
Elwood	21580
Port Melbourne	27144
St Kilda East	19968
Port Melbourne Industrial	30420
South Melbourne	21892
St Kilda - Central	19812
St Kilda - West	20384
Armadale	21892
Prahran - Windsor	21892
Toorak	25480
South Yarra - North	22152
South Yarra - South	20540
Abbotsford	22100
Carlton North - Princes Hill	28132
Collingwood	22100
Fitzroy	23452
Fitzroy North	25012
Clifton Hill - Alphington	26000
Richmond (South) - Cremorne	26416
Richmond - North	20800
Ashburton (Vic.)	23660
Balwyn	23972
Balwyn North	28808
Camberwell	25480
Glen Iris - East	27144
Hawthorn East	21372
Kew East	24232
Surrey Hills (West) - Canterbury	24700
Hawthorn - North	20852
Hawthorn - South	20800
Kew - South	26052
Kew - West	23712
Bulleen	23920
Doncaster	23400
Templestowe	26676
Templestowe Lower	24700
Doncaster East - North	25844
Doncaster East - South	23920
Blackburn	21840
Blackburn South	21320
Box Hill	20332
Box Hill North	22776
Burwood (Vic.)	20852
Burwood East	22828
Surrey Hills (East) - Mont Albert	24024
Beaumaris	31824
Brighton (Vic.)	31200
Brighton East	31304
Highett (West) - Cheltenham	23400
Hampton	24492
Sandringham - Black Rock	25272
Bentleigh - McKinnon	25532
Carnegie	20540
Caulfield - North	22152
Caulfield - South	25116
Elsternwick	22152
Hughesdale	21632
Murrumbeena	20280
Ormond - Glen Huntly	20332
Bentleigh East - North	26416
Bentleigh East - South	25480
Aspendale Gardens - Waterways	26520
Braeside	26208
Carrum - Patterson Lakes	21840
Chelsea - Bonbeach	19812
Chelsea Heights	21424
Highett (East) - Cheltenham	21892
Edithvale - Aspendale	22880
Mentone	20384
Moorabbin - Heatherton	22880
Moorabbin Airport	25272
Mordialloc - Parkdale	20800
Malvern - Glen Iris	21320
Malvern East	21892
Bundoora - East	20020
Greensborough	20800
Heidelberg - Rosanna	20852
Heidelberg West	18356
Ivanhoe	22880
Ivanhoe East - Eaglemont	23452
Montmorency - Briar Hill	21580
Viewbank - Yallambie	20800
Watsonia	20280
Kingsbury	19188
Preston - East	20332
Preston - West	20800
Reservoir - North East	18616
Reservoir - North West	19292
Reservoir - South East	18148
Reservoir - South West	18772
Eltham	23192
Hurstbridge	21840
Kinglake	15912
Panton Hill - St Andrews	15600
Plenty - Yarrambat	24960
Research - North Warrandyte	24024
Wattle Glen - Diamond Creek	22308
Bundoora - North	19812
Bundoora - West	19760
Mill Park - North	18980
Mill Park - South	19188
Thomastown	18200
Wallan	18772
Whittlesea	19500
Epping - East	18720
Epping - South	18200
Epping (Vic.) - West	19812
South Morang - North	20800
South Morang - South	19760
Wollert	20332
Doreen - North	20800
Doreen - South	20072
Lalor - East	18200
Lalor - West	19032
Mernda - North	19656
Mernda - South	20280
Airport West	20852
Essendon Airport	
Keilor	20592
Niddrie - Essendon West	22620
Strathmore	23400
Avondale Heights	20800
Keilor East	21216
Gisborne	22360
Macedon	18772
Riddells Creek	20800
Romsey	18980
Coburg North	20852
Fawkner	19760
Gowanbrae	21996
Hadfield	19552
Glenroy - East	19188
Glenroy - West	19188
Oak Park	20852
Pascoe Vale	20800
Sunbury	19292
Diggers Rest	20592
Sunbury - South	18252
Sunbury - West	19552
Broadmeadows	17212
Campbellfield - Coolaroo	17160
Gladstone Park - Westmeadows	19292
Greenvale - Bulla	22360
Meadow Heights	17992
Melbourne Airport	13000
Tullamarine	18252
Craigieburn - Central	18200
Craigieburn - North	19292
Craigieburn - South	19500
Mickleham - Yuroke	20800
Craigieburn - North West	20592
Craigieburn - West	19812
Roxburgh Park (South) - Somerton	19500
Roxburgh Park - North	20540
Bayswater	19552
Knoxfield - Scoresby	22100
Lysterfield	22620
Rowville - Central	22100
Rowville - North	23400
Rowville - South	24492
Wantirna	22204
Wantirna South	22152
Boronia	19552
Ferntree Gully - North	19240
Ferntree Gully (South) - Upper Ferntree Gully	21060
The Basin	19032
Donvale - Park Orchards	23452
Warrandyte - Wonga Park	25012
Bayswater North	18772
Croydon Hills - Warranwood	22412
Ringwood	19812
Ringwood East	20020
Ringwood North	22672
Croydon - East	19292
Croydon - West	20748
Croydon South	21320
Forest Hill	20592
Mitcham (Vic.)	21112
Nunawading	20332
Vermont	22152
Vermont South	25792
Belgrave - Selby	20800
Chirnside Park	23036
Healesville - Yarra Glen	18200
Kilsyth	20592
Lilydale - Coldstream	19188
Monbulk - Silvan	18720
Montrose	18980
Mooroolbark	20800
Mount Dandenong - Olinda	20800
Mount Evelyn	18980
Upwey - Tecoma	19500
Wandin - Seville	18720
Yarra Valley	16380
Emerald - Cockatoo	19240
Beaconsfield - Officer	20332
Bunyip - Garfield	16172
Koo Wee Rup	16640
Pakenham - North East	17992
Pakenham - North West	19032
Pakenham - South East	17420
Pakenham - South West	19188
Berwick - North	19760
Doveton	16640
Hallam	18772
Narre Warren North	20800
Endeavour Hills - North	19188
Endeavour Hills - South	19916
Narre Warren - North East	19240
Narre Warren - South West	18720
Berwick - South East	22360
Berwick - South West	20800
Cranbourne	17784
Cranbourne South	21216
Cranbourne West	19760
Lynbrook - Lyndhurst	21632
Pearcedale - Tooradin	19240
Narre Warren South - East	22360
Narre Warren South - West	20384
Clyde North - North	21892
Clyde North - South	21320
Cranbourne East - North	20800
Cranbourne East - South	20852
Cranbourne North - East	20852
Cranbourne North - West	18460
Hampton Park - East	18460
Hampton Park - West	18200
Clarinda - Oakleigh South	20800
Clayton South	19812
Dandenong North	17732
Dingley Village	23400
Noble Park North	18252
Springvale	18512
Springvale South	18460
Noble Park - East	17212
Noble Park - West	17992
Dandenong - North	16120
Dandenong - South	17732
Keysborough - North	19812
Keysborough - South	27040
Ashwood - Chadstone	21580
Glen Waverley - East	26000
Glen Waverley - West	24024
Mount Waverley - North	25220
Mount Waverley - South	24440
Mulgrave	22360
Oakleigh - Huntingdale	21580
Wheelers Hill	25012
Clayton (North) - Notting Hill	19760
Clayton - Central	20852
Ardeer - Albion	16640
Cairnlea	20800
Delahey	18200
Keilor Downs	18720
Kings Park (Vic.)	16796
St Albans - North	17160
St Albans - South	16796
Sunshine	17680
Sunshine North	17732
Sunshine West	17992
Sydenham	19032
Taylors Lakes	21424
Deer Park	18200
Derrimut	20800
Altona	20280
Altona Meadows	17732
Altona North	20800
Newport	23920
Seabrook	18772
Williamstown	23400
Braybrook	18200
Footscray	18460
Maribyrnong	20592
Seddon - Kingsville	21528
West Footscray - Tottenham	18252
Yarraville	24024
Bacchus Marsh	17680
Melton West	17680
Rockbank - Mount Cottrell	20800
Taylors Hill	20800
Burnside	20800
Burnside Heights	21372
Caroline Springs	20852
Brookfield	18200
Cobblebank - Strathtulloh	19292
Eynesbury - Exford	19760
Fraser Rise - Plumpton	22308
Hillside	19760
Kurunjang - Toolern Vale	16692
Melton	15600
Melton South - Weir Views	16692
Hoppers Crossing - North	17732
Hoppers Crossing - South	17680
Laverton	19760
Werribee - South	18252
Point Cook - East	20852
Point Cook - South	21320
Werribee - East	16380
Werribee - West	18720
Manor Lakes - Quandong	18772
Point Cook - North East	20280
Point Cook - North West	20800
Tarneit (West) - Mount Cottrell	20020
Tarneit - Central	19760
Tarneit - North	20332
Tarneit - South	19188
Truganina - North	20904
Truganina - South East	20540
Truganina - South West	19604
Wyndham Vale - North	18200
Wyndham Vale - South	17472
Carrum Downs	19240
Frankston	17420
Frankston North	17732
Frankston South	21840
Langwarrin	18980
Seaford (Vic.)	18252
Skye - Sandhurst	23400
Dromana	21060
Flinders	22048
Hastings - Somers	17160
Mount Eliza	26624
Mount Martha	25792
Point Nepean	19552
Rosebud - McCrae	18200
Somerville	19760
Mornington - East	20800
Mornington - West	21320
Ararat	13000
Ararat Surrounds	7852
Horsham	12740
Horsham Surrounds	9620
Nhill Region	8840
St Arnaud	9464
Stawell	11128
West Wimmera	7800
Yarriambiack	8632
Irymple	13000
Merbein	11440
Mildura Surrounds	7800
Red Cliffs	12480
Mildura - North	13520
Mildura - South	15600
Buloke	8216
Gannawarra	9360
Kerang	10400
Robinvale	11440
Swan Hill	12220
Swan Hill Surrounds	9360
Echuca	14820
Kyabram	10920
Lockington - Gunbower	10400
Rochester	11076
Rushworth	10400
Cobram	13000
Moira	10920
Numurkah	10920
Yarrawonga	15080
Mooroopna	13000
Shepparton - North	14040
Shepparton Surrounds - East	12272
Shepparton Surrounds - West	12480
Kialla	19760
Shepparton - South East	14040
Glenelg (Vic.)	9360
Hamilton (Vic.)	12220
Portland	13000
Southern Grampians	8840
Camperdown	12480
Colac	13520
Colac Surrounds	13000
Corangamite - North	10400
Corangamite - South	12012
Otway	14820
Moyne - East	10400
Moyne - West	14560
Warrnambool - North	15600
Warrnambool - South	14924
Migratory - Offshore - Shipping (Vic.)	
No usual address (Vic.)	
Alexandra Hills	20800
Belmont - Gumdale	23400
Birkdale	22880
Capalaba	19916
Thorneside	19240
Wellington Point	23400
Cleveland	20800
Ormiston	23400
Redland Bay	24440
Sheldon - Mount Cotton	24700
Thornlands	24440
Victoria Point	23400
North Stradbroke Island	15600
Southern Moreton Bay Islands	13520
Brisbane Port - Lytton	14560
Manly - Lota	21320
Manly West	22620
Murarrie	23400
Tingalpa	21840
Wakerley	26520
Wynnum	20800
Wynnum West - Hemmant	21476
Bald Hills	20280
Bridgeman Downs	27300
Carseldine	22880
Everton Park	21840
McDowall	23920
Aspley	21580
Chermside	19240
Chermside West	23660
Geebung	21840
Kedron - Gordon Park	19500
Stafford	18720
Stafford Heights	21320
Wavell Heights	22360
Boondall	21580
Brisbane Airport	18200
Eagle Farm - Pinkenba	23400
Northgate - Virginia	19760
Nudgee - Banyo	23400
Nundah	19240
Bracken Ridge	21320
Brighton (Qld)	20800
Deagon	18200
Sandgate - Shorncliffe	14976
Taigum - Fitzgibbon	20280
Zillmere	18200
Camp Hill	23920
Cannon Hill	23400
Carina	22880
Carina Heights	20800
Carindale	27716
Annerley	18720
Coorparoo	19760
Fairfield - Dutton Park	20800
Greenslopes	19552
Holland Park	20540
Holland Park West	20280
Woolloongabba	22880
Yeronga	20280
Eight Mile Plains	21840
Macgregor (Qld)	22360
Mansfield (Qld)	22360
Mount Gravatt	20540
Rochedale - Burbank	31200
Upper Mount Gravatt	21580
Wishart	22880
Coopers Plains	19552
Moorooka	18720
Robertson	20800
Salisbury - Nathan	20020
Tarragindi	23400
Algester	20540
Calamvale - Stretton	21840
Pallara - Willawong	23400
Parkinson - Drewvale	23400
Rocklea - Acacia Ridge	17420
Kuraby	20800
Runcorn	20800
Sunnybank	20800
Sunnybank Hills	21320
Jindalee - Mount Ommaney	24960
Middle Park - Jamboree Heights	22360
Riverhills	21320
Seventeen Mile Rocks - Sinnamon Park	23920
Westlake	28600
Bellbowrie - Moggill	23400
Brookfield - Kenmore Hills	27040
Chapel Hill	28860
Fig Tree Pocket	30680
Kenmore	26520
Pinjarra Hills - Pullenvale	27196
Chelmer - Graceville	25480
Corinda	20020
Indooroopilly	22880
Sherwood	20540
St Lucia	21320
Taringa	20020
Enoggera	18720
Enoggera Reservoir	23400
Keperra	20800
Mitchelton	20800
Mount Coot-tha	
The Gap	25480
Upper Kedron - Ferny Grove	20800
Brisbane City	23920
Fortitude Valley	20800
Highgate Hill	19760
Kangaroo Point	23400
New Farm	21060
South Brisbane	24440
Spring Hill	20800
West End	23400
Balmoral	23400
Bulimba	26000
East Brisbane	20800
Hawthorne	22360
Morningside - Seven Hills	22360
Norman Park	23400
Albion	21320
Alderley	20540
Ascot	20280
Clayfield	18200
Grange	23920
Hamilton (Qld)	21840
Hendra	28600
Kelvin Grove - Herston	20800
Newmarket	19916
Newstead - Bowen Hills	23400
Wilston	20800
Windsor	20800
Wooloowin - Lutwyche	19760
Ashgrove	22880
Auchenflower	20280
Bardon	25740
Paddington - Milton	23400
Red Hill (Qld)	22360
Toowong	21840
Brinsmead	23400
Clifton Beach - Kewarra Beach	20800
Freshwater - Stratford	18200
Redlynch	21840
Trinity Beach - Smithfield	21840
Yorkeys Knob - Machans Beach	16120
Bentley Park	20020
Cairns City	17160
Earlville - Bayview Heights	17680
Edmonton	18200
Gordonvale - Trinity	17160
Kanimbla - Mooroobool	17940
Lamb Range	
Manoora	14040
Manunda	13468
Mount Sheridan	20280
Westcourt - Bungalow	14560
White Rock	17680
Whitfield - Edge Hill	16900
Woree	14560
Babinda	12480
Innisfail	13000
Johnstone	13000
Tully	13780
Wooroonooran	
Yarrabah	7800
Daintree	13520
Port Douglas	18200
Atherton	14560
Herberton	11960
Kuranda	14040
Malanda - Yungaburra	13520
Mareeba	14820
Balonne	10400
Chinchilla	13000
Goondiwindi	15340
Inglewood - Waggamba	10400
Miles - Wandoan	10400
Roma	13000
Roma Surrounds	8060
Tara	9360
Crows Nest - Rosalie	13000
Jondaryan	13520
Millmerran	11440
Pittsworth	14040
Wambo	13000
Clifton - Greenmount	13000
Southern Downs - East	12480
Southern Downs - West	13000
Stanthorpe	13000
Stanthorpe Surrounds	12480
Warwick	13780
Central Highlands - East	7800
Central Highlands - West	6240
Emerald	15600
Berserker	13520
Bouldercombe	13000
Emu Park	18200
Frenchville - Mount Archer	15600
Glenlee - Rockyview	18200
Gracemere	17680
Lakes Creek	13520
Mount Morgan	10400
Norman Gardens	15600
Park Avenue	13520
Parkhurst - Kawana	14560
Rockhampton - West	13780
Rockhampton City	13000
Rockhampton Surrounds - East	14560
Rockhampton Surrounds - North	15600
Rockhampton Surrounds - West	15600
Shoalwater Bay	
The Range - Allenstown	14560
Yeppoon	18200
Banana	10400
Biloela	13520
Agnes Water - Miriam Vale	14300
Boyne Island - Tannum Sands	15600
Callemondah	10400
Clinton - New Auckland	15340
Gladstone	11960
Gladstone Hinterland	15080
Kin Kora - Sun Valley	14196
South Trees	
Telina - Toolooa	15600
West Gladstone	11960
Broadbeach Waters	31200
Burleigh Heads	24960
Burleigh Waters	26000
Mermaid Beach - Broadbeach	22880
Mermaid Waters	23400
Miami	24440
Coolangatta	21060
Currumbin - Tugun	23660
Currumbin Waters	24336
Elanora	27300
Palm Beach	23140
Arundel	24440
Biggera Waters	22360
Coombabah	21580
Labrador	19760
Paradise Point - Hollywell	24180
Runaway Bay	22620
Guanaba - Springbrook	19500
Tamborine - Canungra	21840
Currumbin Valley - Tallebudgera	26000
Mudgeeraba - Bonogin	26000
Reedy Creek - Andrews	23660
Carrara	23400
Highland Park	21840
Nerang - Mount Nathan	20800
Pacific Pines - Gaven	24440
Worongary - Tallai	27040
Coomera	23400
Helensvale	25740
Hope Island	28600
Jacobs Well - Alberton	20800
Oxenford - Maudsland	23140
Ormeau (East) - Stapylton	22880
Ormeau (West) - Yatala	23400
Pimpama - North	22880
Pimpama - South	22620
Upper Coomera (South) - Wongawallan	26000
Upper Coomera - North	23400
Willow Vale - Pimpama (West)	22880
Clear Island Waters	28080
Merrimac	24180
Varsity Lakes	25480
Robina - East	28080
Robina - West	28080
Ashmore	23400
Molendinar	23400
Parkwood	27976
Southport - North	20800
Southport - South	22620
Benowa	30160
Bundall	24960
Main Beach	26000
Surfers Paradise - North	21580
Surfers Paradise - South	20800
Darra - Sumner	18720
Durack	18200
Inala - Richlands	15600
Oxley (Qld)	21060
Wacol	15080
Doolandella	18980
Forest Lake - Ellen Grove	19760
Boonah	15340
Esk	13520
Lake Manchester - England Creek	
Lockyer Valley - East	16380
Lowood	16120
Rosewood	15600
Brassall	16120
Bundamba	15600
Churchill - Yamanto	15600
Ipswich - Central	14560
Ipswich - East	15080
Ipswich - North	17680
Karalee - Barellan Point	20800
Karana Downs	20800
Leichhardt - One Mile	15080
North Ipswich - Tivoli	14820
Raceview	16380
Ripley	19760
Riverview	14040
Camira - Gailes	16900
Carole Park	7800
Collingwood Park - Redbank	17680
Goodna	16120
New Chum	
Redbank Plains	18200
Springfield	20020
Springfield Lakes	21840
Augustine Heights - Brookwater	21580
Bellbird Park	17680
Beaudesert	16120
Beenleigh	15600
Eagleby	16640
Edens Landing - Holmview	19760
Mount Warren Park	17680
Wolffdene - Bahrs Scrub	21580
Boronia Heights - Park Ridge	18720
Browns Plains	18200
Chambers Flat - Logan Reserve	19760
Crestmead	18200
Greenbank Military Camp	
Hillcrest	18200
Marsden	18200
Munruben - Park Ridge South	23816
Regents Park - Heritage Park	20280
Logan Village	24440
Flagstone (East) - Riverbend	21320
Flagstone (West) - New Beith	20540
Greenbank - North Maclean	22360
Jimboomba - Glenlogan	21320
Yarrabilba	19500
Bethania - Waterford	18460
Cornubia - Carbrook	22100
Loganholme - Tanah Merah	20280
Loganlea	18200
Shailer Park	21320
Waterford West	16640
Daisy Hill	20800
Kingston (Qld)	16380
Logan Central	14560
Rochedale South - Priestdale	20540
Slacks Creek	16120
Springwood	19760
Underwood	20800
Woodridge	14560
Bowen	14040
Broadsound - Nebo	4160
Clermont	11440
Collinsville	11180
Moranbah	5772
Andergrove - Beaconsfield	18200
East Mackay	16640
Eimeo - Rural View	20800
Eungella Hinterland	22360
Mackay	14040
Mackay Harbour	26520
Mount Pleasant - Glenella	20800
North Mackay	15600
Ooralea - Bakers Creek	21320
Pioneer Valley	18200
Sarina	15600
Seaforth - Calen	13000
Shoal Point - Bucasia	19760
Slade Point	15600
South Mackay	15080
Walkerston - Eton	17160
West Mackay	16640
Airlie - Whitsundays	19240
Cape Conway	
Proserpine	14352
Beachmere - Sandstone Point	18720
Bribie Island	17420
Burpengary - East	22360
Caboolture - South	17680
Elimbah	19240
Morayfield - East	18460
Wamuran	18200
Caboolture - East	16380
Caboolture - West	15600
Kilcoy	17160
Woodford - D'Aguilar	18200
Burpengary	18200
Deception Bay	17160
Morayfield	17940
Narangba	21580
Upper Caboolture	21840
Clontarf	17940
Margate - Woody Point	16900
Redcliffe	17368
Rothwell - Kippa-Ring	18720
Moreton Island	11076
Scarborough - Newport	21060
Albany Creek	22880
Cashmere	21840
Dayboro	20800
Eatons Hill	23920
The Hills District	23660
Samford Valley	25740
Murrumba Downs - Griffin	19760
Dakabin	18720
Kallangur	18200
Mango Hill	20800
North Lakes	21840
Bray Park	20280
Lawnton	17680
Petrie	18720
Strathpine - Brendale	18720
Aurukun	6500
Cape York	6760
Croydon - Etheridge	8060
Kowanyama - Pormpuraaw	6136
Northern Peninsula	6240
Tablelands	11960
Torres	10400
Torres Strait Islands	6760
Weipa	26000
Carpentaria	6500
Mount Isa	14300
Mount Isa Surrounds	10712
Northern Highlands	7800
Barcaldine - Blackall	8164
Charleville	8840
Far Central West	7280
Far South West	6760
Longreach	10400
Buderim - North	23920
Buderim - South	23400
Mountain Creek	26000
Sippy Downs	23920
Aroona - Currimundi	23400
Buddina - Minyama	23400
Caloundra - Kings Beach	19240
Golden Beach - Pelican Waters	22880
Moffat Beach - Battery Hill	20800
Parrearra - Warana	24180
Wurtulla - Birtinya	24960
Caloundra West - Baringa	24960
Meridan Plains - Little Mountain (North)	23920
Coolum Beach	23400
Marcoola - Mudjimba	22620
Maroochydore - Kuluin	21320
Mooloolaba - Alexandra Headland	20800
Noosa Heads	28600
Noosaville	24960
Sunshine Beach	26000
Tewantin	23400
Peregian Beach - Marcus Beach	23660
Peregian Springs	27560
Beerwah	20280
Caloundra Hinterland	19240
Glass House Mountains	20696
Landsborough	23920
Maroochy Hinterland	18200
Palmwoods	21320
Bli Bli	23920
Diddillibah - Rosemount	20800
Eumundi - Yandina	20800
Nambour	18720
Noosa Hinterland	21580
Cambooya - Wyreema	16120
Darling Heights	16380
Drayton - Harristown	15340
Gatton	15340
Gowrie (Qld)	18200
Highfields	21216
Lockyer Valley - West	16120
Middle Ridge	21840
Newtown (Qld)	15028
North Toowoomba - Harlaxton	14560
Rangeville	17680
Toowoomba - Central	15340
Toowoomba - East	16380
Toowoomba - West	17680
Wilsonton	15340
Ayr	11960
Burdekin	10920
Charters Towers	11440
Dalrymple	10400
Ingham	10920
Ingham Surrounds	10400
Palm Island	6500
Aitkenvale	14040
Annandale (Qld)	19500
Belgian Gardens - Pallarenda	14560
Bohle Plains	18200
Condon - Rasmussen	15080
Cranbrook	15236
Douglas	18720
Garbutt - West End	13000
Gulliver - Currajong - Vincent	14300
Heatley	14560
Hermit Park - Rosslea	13520
Hyde Park - Pimlico	13000
Kelso	15600
Kirwan - East	14196
Kirwan - West	18200
Magnetic Island	15080
Mount Louisa	18200
Mundingburra	14040
Northern Beaches	15600
Oonoonba	18720
South Townsville - Railway Estate	15600
Townsville - South	14040
Townsville City - North Ward	16640
Wulguru - Roseneath	14716
Burdell - Mount Low	19240
Deeragun - Jensen	16120
Ashfield - Kepnock	15080
Bargara - Burnett Heads	16640
Branyan - Kensington	17160
Bundaberg	13000
Bundaberg East - Kalkie	15080
Bundaberg North - Gooburrum	14560
Bundaberg Surrounds - North	15600
Bundaberg Surrounds - South	14300
Millbank - Avoca	15340
Svensson Heights - Norville	14300
Walkervale - Avenell Heights	14300
Gayndah - Mundubbera	11180
Gin Gin	13000
Kingaroy	13624
Kingaroy Surrounds - North	9360
Kingaroy Surrounds - South	13000
Monto - Eidsvold	8320
Nanango	11960
North Burnett	3900
Cooloola	14560
Gympie - North	15340
Gympie - South	15600
Gympie Surrounds	15600
Kilkivan	10400
Booral - River Heads	17160
Craignish - Dundowran Beach	19500
Pialba - Eli Waters	18200
Point Vernon	17680
Torquay - Scarness - Kawungan	15860
Urangan - Wondunna	17940
Burrum - Fraser	15600
Granville	12480
Maryborough (Qld)	13260
Maryborough Surrounds - South	13000
Tinana	15600
Migratory - Offshore - Shipping (Qld)	
No usual address (Qld)	
Adelaide	20800
North Adelaide	20280
Adelaide Hills	15600
Aldgate - Stirling	21320
Hahndorf - Echunga	17940
Lobethal - Woodside	16640
Mount Barker	18200
Mount Barker Surrounds	15860
Nairne	18200
Uraidla - Summertown	20800
Burnside - Wattle Park	18720
Beaumont - Glen Osmond	21840
Toorak Gardens	17628
Athelstone	18720
Paradise - Newton	17420
Rostrevor - Magill	18200
Norwood (SA)	18720
Payneham - Felixstow	17160
St Peters - Marden	16640
Nailsworth - Broadview	16640
Prospect	18200
Walkerville	19760
Goodwood - Millswood	17680
Unley - Parkside	19240
Gawler - North	16120
Gawler - South	14820
Lewiston - Two Wells	15600
Craigmore - Blakeview	16120
Davoren Park	14040
Elizabeth	11700
Elizabeth East	13052
Munno Para West - Angle Vale	16120
One Tree Hill	15600
Smithfield - Elizabeth North	12740
Virginia - Waterloo Corner	15600
Enfield - Blair Athol	15600
Windsor Gardens	16120
Northgate - Northfield	18720
Valley View - Gilles Plains	16640
Dry Creek - North	
Ingle Farm	16120
Para Hills	16120
Parafield	
Parafield Gardens	15600
Paralowie	15600
Salisbury	14040
Salisbury East	15340
Salisbury North	14560
Mawson Lakes - Globe Derby Park	18720
Pooraka - Cavan	15600
Golden Grove	16640
Greenwith	16640
Highbury - Dernancourt	19500
Hope Valley - Modbury	16380
Modbury Heights	17160
Redwood Park	18200
St Agnes - Ridgehaven	17160
Brighton (SA)	18200
Glenelg (SA)	17160
Edwardstown	16120
Hallett Cove	19760
Marino - Seaview Downs	19500
Mitchell Park	16120
Morphettville	16640
Sheidow Park - Trott Park	18980
Warradale	17940
Belair	19188
Bellevue Heights	17160
Blackwood	19240
Colonel Light Gardens	16640
Mitcham (SA)	17992
Panorama	16120
Aberfoyle Park	17680
Aldinga	16640
Christie Downs	13000
Christies Beach	16640
Clarendon	15080
Coromandel Valley	21840
Flagstaff Hill	19500
Hackham - Onkaparinga Hills	15600
Hackham West - Huntfield Heights	13624
Happy Valley	18460
Happy Valley Reservoir	
Lonsdale	9880
McLaren Vale	18200
Morphett Vale - East	15600
Morphett Vale - West	15340
Reynella	16900
Willunga	16640
Woodcroft	18200
Seaford - Seaford Meadows	18200
Seaford Rise - Moana	16640
Beverley	17160
Flinders Park	17680
Henley Beach	18200
Hindmarsh - Brompton	17680
Royal Park - Hendon - Albert Park	16328
Seaton - Grange	16640
West Lakes	16640
Woodville - Cheltenham	16120
Dry Creek - South	
Largs Bay - Semaphore	16640
North Haven	15600
Port Adelaide	14300
The Parks	14040
Torrens Island	
Adelaide Airport	
Fulham	16380
Lockleys	15600
Plympton	15600
Richmond (SA)	16900
West Beach	16640
Barossa - Angaston	13260
Light	13520
Lyndoch	15600
Mallala	13780
Nuriootpa	15340
Tanunda	15600
Clare	13000
Gilbert Valley	11700
Goyder	9880
Wakefield - Barunga West	11440
Jamestown	9984
Peterborough - Mount Remarkable	8580
Port Pirie	9620
Port Pirie Surrounds	10400
Kadina	13000
Moonta	13000
Wallaroo	13000
Yorke Peninsula - North	10400
Yorke Peninsula - South	10400
Ceduna	11440
Eyre Peninsula	11440
Kimba - Cleve - Franklin Harbour	8320
Le Hunte - Elliston	7800
Port Lincoln	12480
West Coast (SA)	5408
Western	2600
Whyalla	9360
Whyalla - North	
APY Lands	4420
Coober Pedy	8476
Quorn - Lake Gilles	9100
Outback	4940
Port Augusta	10400
Roxby Downs	13520
Goolwa - Port Elliot	14560
Kangaroo Island	10816
Strathalbyn	15600
Strathalbyn Surrounds	13936
Victor Harbor	15080
Yankalilla	14040
Grant	10400
Kingston - Robe	11440
Millicent	9100
Naracoorte	11960
Naracoorte Surrounds	7800
Penola	9412
Tatiara	10400
Wattle Range	9204
Mount Gambier - East	11440
Mount Gambier - West	11440
Barmera	10400
Berri	11180
Karoonda - Lameroo	8320
Loxton	11492
Loxton Surrounds	9776
Mannum	11180
Murray Bridge	12480
Murray Bridge Surrounds	10400
Renmark	10400
Renmark Surrounds	10400
The Coorong	9880
Waikerie	10400
Migratory - Offshore - Shipping (SA)	
No usual address (SA)	
Augusta	15600
Busselton Surrounds	21840
Margaret River	19760
Busselton - East	18720
Busselton - West	18200
Australind - Leschenault	18200
Capel	17160
College Grove - Carey Park	14560
Collie	13000
Dardanup	13520
Davenport	34788
Eaton - Pelican Point	18200
Harvey	14560
East Bunbury - Glen Iris	15600
Waroona	13520
Dalyellup	18200
Gelorup - Stratham	20800
South Bunbury - Bunbury	16120
Withers - Usher	13000
Bridgetown - Boyup Brook	13520
Donnybrook - Balingup	15080
Manjimup	12480
Pemberton	12480
Dawesville - Bouvard	18200
Falcon - Wannanup	16640
Greenfields	15340
Halls Head - Erskine	18200
Mandurah	14040
Mandurah - East	16640
Mandurah - North	18200
Mandurah - South	14560
Pinjarra	15600
City Beach	39000
Claremont (WA)	23920
Cottesloe	28600
Floreat	31200
Mosman Park - Peppermint Grove	16120
Nedlands - Dalkeith - Crawley	23400
Swanbourne - Mount Claremont	23400
Kings Park (WA)	52000
Mount Hawthorn - Leederville	22100
Mount Lawley - Inglewood	17680
North Perth	20800
Subiaco - Shenton Park	21060
Wembley - West Leederville - Glendalough	15600
East Perth	21320
Perth (North) - Highgate	19760
Perth (West) - Northbridge	21320
Bassendean - Eden Hill - Ashfield	17160
Bayswater - Embleton - Bedford	18200
Maylands	15600
Morley	18720
Noranda	18200
Chidlow	19084
Glen Forrest - Darlington	20800
Helena Valley - Koongamia	16380
Malmalling - Reservoir	
Mundaring	19760
Swan View - Greenmount - Midvale	15600
Avon Valley National Park	15340
Ballajura	18200
Beechboro	18200
Bullsbrook	18200
Gidgegannup	18200
Hazelmere - Guildford	20280
Lockridge - Kiara	16900
Malaga	40300
Melaleuca - Lexia	
Middle Swan - Herne Hill	16640
Midland - Guildford	15600
Stratton - Jane Brook	17160
The Vines	19240
Walyunga National Park	
Aveley	19760
Brabham - Henley Brook	19240
Ellenbrook	18200
Craigie - Beldon	19240
Currambine - Kinross	20800
Duncraig	23920
Greenwood - Warwick	20800
Heathridge - Connolly	19760
Hillarys	25480
Iluka - Burns Beach	33800
Joondalup - Edgewater	18720
Kingsley	21736
Mullaloo - Kallaroo	23400
Ocean Reef	27300
Padbury	20280
Sorrento - Marmion	24960
Woodvale	24960
Balcatta - Hamersley	18200
Balga - Mirrabooka	15860
Herdsman	
Innaloo - Doubleview	20800
Karrinyup - Gwelup - Carine	23920
Nollamara - Westminster	17680
Osborne Park Industrial	20800
Scarborough	21060
Stirling - Osborne Park	16120
Trigg - North Beach - Watermans Bay	20800
Tuart Hill - Joondanna	16640
Wembley Downs - Churchlands - Woodlands	21840
Yokine - Coolbinia - Menora	16900
Dianella - North	16640
Dianella - South	17680
Alexander Heights - Koondoola	15600
Butler - Merriwa - Ridgewood	17680
Carramar	19760
Clarkson	18200
Girrawheen	15236
Marangaroo	18200
Mindarie - Quinns Rocks - Jindalee	20800
Neerabup National Park	25012
Tapping - Ashby - Sinagra	21320
Alkimos - Eglinton	18200
Carabooda - Pinjar	15600
Two Rocks	17160
Yanchep	17680
Hocking - Pearsall	20800
Landsdale	23400
Madeley - Darch	23400
Wanneroo - Sinagra	18200
Armadale - Wungong - Brookdale	14560
Ashendon - Lesley	48204
Camillo - Champion Lakes	15340
Kelmscott	15080
Mount Nasura - Mount Richon - Bedfordale	17160
Roleystone	18200
Seville Grove	17160
Harrisdale	21840
Piara Waters - Forrestdale	21840
Belmont - Ascot - Redcliffe	18200
East Victoria Park - Carlisle	18200
Kewdale Commercial	
Perth Airport	
Victoria Park - Lathlain - Burswood	18200
Cloverdale	17680
Kewdale	18200
Rivervale	18200
Bentley - Wilson - St James	17160
Canning Vale - West	23400
Canning Vale Commercial	10816
Cannington - Queens Park	18200
Parkwood - Ferndale - Lynwood	17680
Riverton - Shelley - Rossmoyne	20800
Welshpool	13780
Willetton	20800
Beckenham - Kenwick - Langford	16640
Canning Vale - East	21840
Gosnells	15080
Huntingdale - Southern River	19760
Maddington - Orange Grove - Martin	15600
Thornlie	17160
Forrestfield - Wattle Grove	18720
High Wycombe	19760
Kalamunda - Maida Vale - Gooseberry Hill	19500
Lesmurdie - Bickley - Carmel	18200
Byford	19760
Mundijong	19500
Serpentine - Jarrahdale	16900
Como	18304
Manning - Waterford	17732
South Perth - Kensington	19500
Banjup	21840
Bibra Industrial	48880
Bibra Lake	
Coogee	20800
Coolbellup	16120
Hamilton Hill	16640
Henderson	
North Coogee	23920
South Lake - Cockburn Central	18720
Spearwood	18200
Success - Hammond Park	20800
Yangebup	18200
Beeliar - Wattleup	20020
Jandakot	23036
East Fremantle	21840
Fremantle	20020
Fremantle - South	18200
O'Connor (WA)	19812
Wellard (West) - Bertram	18200
Calista	14300
Hope Valley - Postans	18200
Kwinana Industrial	15600
Parmelia - Orelia	14040
Casuarina - Wandi	20800
Applecross - Ardross	24700
Bateman	21840
Bicton - Palmyra	18200
Booragoon	21840
Bull Creek	21840
Leeming	22880
Melville	21840
Murdoch - Kardinya	20800
Willagee	14716
Winthrop	28340
Cooloongup	15600
Port Kennedy	18200
Rockingham	15600
Rockingham Lakes	
Safety Bay - Shoalwater	15600
Singleton - Golden Bay - Secret Harbour	18980
Waikiki	16640
Warnbro	16640
Baldivis - North	18200
Baldivis - South	19240
Karnup	19240
Albany	15600
Albany Surrounds	13000
Bayonet Head - Lower King	17680
Denmark	15600
Gnowangerup	9360
Katanning	10400
Kojonup	9308
Little Grove - Elleker	14300
McKail - Willyung	15340
Plantagenet	11700
Stirling Range National Park	
Chittering	16640
Cunderdin	8788
Dowerin	8476
Gingin - Dandaragan	15340
Merredin	10400
Moora	11128
Mukinbudin	6916
Northam	13000
Toodyay	14820
York - Beverley	13000
Brookton	10400
Kulin	8320
Murray	14560
Narrogin	12480
Wagin	9880
Broome	17160
Derby - West Kimberley	5200
Halls Creek	4680
Kununurra	11960
Roebuck	5200
East Pilbara	3640
Newman	5720
Port Hedland	10920
South Hedland	12480
Ashburton (WA)	2496
Karratha	16640
Roebourne	7800
Esperance	14040
Esperance Surrounds	12116
Carnarvon	11180
Exmouth	13676
Boulder	15600
Kalgoorlie	15600
Kalgoorlie - North	17160
Kalgoorlie Airport	
Kambalda - Coolgardie - Norseman	10400
Leinster - Leonora	3640
Trafalgar (WA)	
Geraldton	11960
Geraldton - East	11700
Geraldton - North	16120
Geraldton - South	15600
Irwin	13000
Meekatharra	6240
Morawa	9100
Northampton - Mullewa - Greenough	11700
Migratory - Offshore - Shipping (WA)	
No usual address (WA)	
Bridgewater - Gagebrook	13000
Brighton - Pontville	18200
Old Beach - Otago	20800
Bellerive - Rosny	18720
Cambridge	20800
Geilston Bay - Risdon	19760
Howrah - Tranmere	21840
Lindisfarne - Rose Bay	20800
Mornington - Warrane	16120
Risdon Vale	16640
Rokeby	16900
South Arm	19240
Austins Ferry - Granton	18200
Berriedale - Chigwell	16120
Claremont (Tas.)	16640
Derwent Park - Lutana	16900
Glenorchy	16640
Montrose - Rosetta	18200
Moonah	17160
New Norfolk	15080
West Moonah	17680
Kingston - Huntingfield	19760
Kingston Beach - Blackmans Bay	20800
Margate - Snug	19240
Mount Wellington	
Taroona - Bonnet Hill	22100
Hobart	21580
Lenah Valley - Mount Stuart	19240
Mount Nelson - Dynnyrne	18720
New Town	17680
Sandy Bay	21788
South Hobart - Fern Tree	19760
West Hobart	20800
Dodges Ferry - Lewisham	17160
Sorell - Richmond	18460
Invermay	14820
Kings Meadows - Punchbowl	15912
Launceston	16640
Legana	18200
Mowbray	15080
Newnham - Mayfield	13000
Newstead	16120
Norwood (Tas.)	16640
Prospect Vale - Blackstone	15600
Ravenswood	11700
Riverside	15600
South Launceston	15600
Summerhill - Prospect	15080
Trevallyn	15600
Waverley - St Leonards	13000
West Launceston	15600
Youngtown - Relbia	15340
Beauty Point - Beaconsfield	13000
Deloraine	12740
Grindelwald - Lanena	15236
Hadspen - Carrick	13780
Westbury	13000
Dilston - Lilydale	13520
George Town	11440
Longford	13520
Northern Midlands	10400
Perth - Evandale	14560
St Helens - Scamander	12480
Flinders and Cape Barren Islands	7228
Scottsdale - Bridport	11440
Central Highlands	10400
Derwent Valley	13416
Southern Midlands	13000
Wilderness - East	
Bruny Island - Kettering	15600
Cygnet	15080
Geeveston - Dover	14560
Huonville - Franklin	15340
Forestier - Tasman	13000
Triabunna - Bicheno	13000
Acton - Upper Burnie	12376
Burnie - Ulverstone Surrounds	11700
Burnie - Wivenhoe	12480
Parklands - Camdale	12272
Penguin - Sulphur Creek	13520
Romaine - Havenview	13520
Somerset	12480
Ulverstone	13000
West Ulverstone	12480
Wynyard	11648
Devonport	13000
East Devonport	12272
Latrobe	13000
Miandetta - Don	15080
Port Sorell	14560
Quoiba - Spreyton	14300
Sheffield - Railton	11960
Turners Beach - Forth	14040
King Island	9880
North West	10400
Smithton	11544
Waratah	13000
West Coast (Tas.)	8320
Wilderness - West	
Migratory - Offshore - Shipping (Tas.)	
No usual address (Tas.)	
Darwin Airport	
Darwin City	23400
East Point	
Fannie Bay - The Gardens	20280
Larrakeyah	20540
Ludmilla - The Narrows	13520
Parap	21580
Stuart Park	20800
Woolner - Bayview - Winnellie	25480
Alawa	17680
Anula	20800
Berrimah	19240
Brinkin - Nakara	20436
Buffalo Creek	
Charles Darwin	
Coconut Grove	15600
East Arm	33020
Jingili	20800
Karama	15236
Leanyer	20800
Lyons (NT)	14560
Malak - Marrara	18200
Millner	17680
Moil	16120
Nightcliff	18200
Rapid Creek	18200
Tiwi	19500
Wagaman	17680
Wanguri	21320
Wulagi	22100
Howard Springs	18200
Humpty Doo	20800
Koolpinyah	6760
Virginia	19240
Weddell	16796
Bakewell	19760
Driver	18200
Durack - Marlow Lagoon	26000
Gray	15600
Moulden	15340
Palmerston - North	23920
Palmerston - South	23400
Rosebery - Bellamack	20800
Woodroffe	18720
Charles	18200
East Side	18720
Flynn (NT)	20800
Larapinta	20800
Mount Johns	20800
Petermann - Simpson	6396
Ross	14560
Sandover - Plenty	3120
Tanami	
Yuendumu - Anmatjere	3900
Barkly	3640
Tennant Creek	9360
Alligator	5200
Daly	4160
Thamarrurr	2600
Tiwi Islands	4160
West Arnhem	4160
Anindilyakwa	4160
East Arnhem	4680
Nhulunbuy	5720
Elsey	4160
Gulf	3900
Katherine	15340
Victoria River	3900
Migratory - Offshore - Shipping (NT)	
No usual address (NT)	
Aranda	27560
Belconnen	22360
Bruce	22360
Charnwood	19760
Cook	22880
Dunlop	24180
Evatt	24232
Florey	21580
Flynn (ACT)	25012
Fraser	23400
Giralang	23920
Gooromon	
Hawker	19500
Higgins	20800
Holt	20592
Kaleen	23920
Latham	20800
Lawson	28496
Macgregor (ACT)	24128
Macquarie	20800
McKellar	22776
Melba	20800
Page	22776
Scullin	20280
Spence	19500
Weetangera	25480
Molonglo Corridor	19500
Macnamara	
Strathnairn	26780
West Belconnen	7800
Hume	5720
Kowen	17680
Canberra East	13676
Canberra Airport	21840
Majura	18980
Amaroo	23920
Bonner	27040
Casey	26104
Crace	23920
Forde	30680
Franklin	23920
Gungahlin	23400
Hall	19500
Harrison	23400
Mitchell	
Ngunnawal	23400
Nicholls	26104
Palmerston	23400
Gungahlin - East	
Gungahlin - West	
Jacka	23400
Kenny	11804
Moncrieff	24440
Taylor	14664
Throsby	19500
Acton	468
Ainslie	19084
Braddon	25740
Civic	28600
Dickson	26000
Downer	21840
Hackett	19448
Lyneham	22100
O'Connor (ACT)	23452
Turner	24960
Watson	22724
Black Mountain	
Campbell	28600
Duntroon	14040
Parkes (ACT) - North	
Reid	22360
Russell	
Deakin	29120
Forrest	29640
Griffith (ACT)	24024
Lake Burley Griffin	
Narrabundah	22880
Parkes (ACT) - South	9256
Red Hill (ACT)	26000
Yarralumla	28444
Barton	27300
Fyshwick	16796
Kingston (ACT)	26520
Banks	22048
Bonython	23140
Calwell	23296
Chisholm	21320
Conder	20280
Fadden	32240
Gilmore	22360
Gordon (ACT)	21840
Gowrie (ACT)	22880
Greenway	23400
Isabella Plains	23400
Kambah	20800
Macarthur	27040
Monash	23400
Mount Taylor	
Oxley (ACT)	20800
Richardson	20332
Theodore	22360
Tuggeranong	16640
Wanniassa	20800
Tuggeranong - West	28392
Chapman	23400
Duffy	23140
Fisher	21580
Holder	24180
Rivett	16744
Stirling	23920
Waramanga	19708
Weston	21840
Scrivener	12740
Chifley	23400
Curtin	23400
Farrer	23400
Garran	28600
Hughes	20800
Isaacs	27040
Lyons (ACT)	18720
Mawson	20800
O'Malley	50700
Pearce	22360
Phillip	22880
Torrens	24856
Arboretum	
Coombs	24960
Denman Prospect	25896
Molonglo	
Wright	23972
Molonglo - East	
Whitlam	
ACT - South West	20020
Namadgi	20800
Migratory - Offshore - Shipping (ACT)	
No usual address (ACT)	
Christmas Island	7800
Cocos (Keeling) Islands	12012
Jervis Bay	4680
Norfolk Island	12480
Migratory - Offshore - Shipping (OT)	
No usual address (OT)	
